Source,Target,Type,Weight
Citrarata,Semar,Undirected,2
Rukmini,Abimanyu,Undirected,1
Sadewa,Kartamarma,Undirected,8
Banowati,Rama,Undirected,1
Maerah,Baladewa,Undirected,2
Madrim,Basudewa,Undirected,1
Guru,Rukmara,Undirected,1
Durga,Pradapa,Undirected,1
Bagaspati,NgembatLandeyan,Undirected,1
Nakula,Wilawuk,Undirected,2
Samba,Petruk,Undirected,6
Sadewa,Togog,Undirected,1
Werkudara,Narada,Undirected,11
Antaboga,Duryudana,Undirected,1
Baladewa,Brahma,Undirected,1
Gatotkaca,Anoman,Undirected,14
Sengkuni,Wisanggeni,Undirected,2
Pradapa,Nakula,Undirected,2
Parasara,Duryudana,Undirected,2
Dewasrani,Durga,Undirected,5
Gareng,Desamuka,Undirected,1
Kencana_Wulan,Duryudana,Undirected,1
Antareja,Kresna,Undirected,9
Karna,Desamuka,Undirected,1
Bagong,TunggulWulung,Undirected,1
Yuda_Kala_Kresna,Indra,Undirected,2
Banowati,Sugriwa,Undirected,1
Dewa_Ruci,Banowati,Undirected,1
Pancawala,Tambrapeta,Undirected,1
Ugrasena,Semar,Undirected,3
Baladewa,Abiyasa,Undirected,1
Drupadi,Nakula,Undirected,1
Sadewa,Wilawuk,Undirected,2
Wulan_Dremi,Abimanyu,Undirected,2
Desamuka,Wisnu,Undirected,1
Udawa,Duryudana,Undirected,3
Jembawati,Brahma,Undirected,1
Bomanarakasura,Samba,Undirected,2
Banowati,Ratmuka,Undirected,1
Durga,Wenang,Undirected,2
Soka,Kunti,Undirected,1
Gareng,Semar,Undirected,33
Desamuka,Anoman,Undirected,3
Durna,Narada,Undirected,6
Badrahini,Salya,Undirected,1
Gatotkaca,Bisawarna,Undirected,2
Bisawarna,Kartamarma,Undirected,1
Bisawarna,Sadewa,Undirected,1
Setyaki,Anoman,Undirected,7
Dewaki,Pandu,Undirected,2
Anoman,Bantala,Undirected,1
Kunti,Destarastra,Undirected,2
Ugrasena,Baladewa,Undirected,2
Barata,Petruk,Undirected,1
Guru,Kalika,Undirected,2
Rukmini,Desamuka,Undirected,1
Jembawati,Baladewa,Undirected,1
Petruk,Setyaki,Undirected,5
Durna,Wulan_Dremi,Undirected,1
Jaya_Bajra,Bagong,Undirected,1
Werkudara,Yuda_Kala_Kresna,Undirected,1
Udawa,TunggulWulung,Undirected,1
Durna,Wulan_Drema,Undirected,1
Guru,Arjuna,Undirected,13
Abiyasa,Nakula,Undirected,4
Gareng,Antasena,Undirected,1
Petruk,Gendari,Undirected,2
Banowati,Wisanggeni,Undirected,2
Werkudara,Puntadewa,Undirected,35
TunggulWulung,Abiyasa,Undirected,1
Mandrakeswara,Pandu,Undirected,1
Bismaka,Indra,Undirected,3
Brajadhenta,Semar,Undirected,1
Petruk,Nagagini,Undirected,1
Soka,Durga,Undirected,1
Asmarawati,Yudhistira,Undirected,1
Sadewa,Bendana,Undirected,4
Sadewa,Anoman,Undirected,8
Sadewa,Dhandhang,Undirected,2
Banowati,Kartamarma,Undirected,10
Guru,Citrasena,Undirected,2
Durna,Padmanaba,Undirected,1
Karna,Pandu,Undirected,1
Gatotkaca,Setyaboma,Undirected,2
Ramaparasu,Gatotkaca,Undirected,3
Soka,Citrasena,Undirected,2
Wenang,Brahma,Undirected,1
Nakula,Puntadewa,Undirected,30
Petruk,Surati_Mantra,Undirected,1
Gareng,Surati_Mantra,Undirected,1
Hagni,Kresna,Undirected,1
Sri,Yamadipati,Undirected,1
Kurandhayaksa,Bagong,Undirected,1
Kencana_Wulan,Nakula,Undirected,1
Semar,Badrahini,Undirected,2
Bayu,Arimbi,Undirected,2
Panyarikan,Baladewa,Undirected,1
Bhisma,Gendari,Undirected,1
Maruta,Kumbakarna,Undirected,2
Bendana,Abimanyu,Undirected,2
Jembawati,Petruk,Undirected,2
Bomanarakasura,Jembawati,Undirected,1
Gareng,Bismaka,Undirected,4
Pancawala,Kartamarma,Undirected,1
Erawati,Nagaprasanta,Undirected,1
TunggulWulung,Petruk,Undirected,1
Guru,Pradapa,Undirected,2
Bagaspati,Madrim,Undirected,1
Karna,Dewa_Ruci,Undirected,1
Karna,Bagong,Undirected,6
Saragupita,Salya,Undirected,1
Pujawati,Gendara,Undirected,1
Dewasrani,Narada,Undirected,3
Barata,Kanastren,Undirected,2
Bendana,Narada,Undirected,3
Indra,Nembur_Nawa,Undirected,1
Kunti,Kuntiboja,Undirected,2
Bagong,Mangsahpati,Undirected,2
Durna,Nagatatmala,Undirected,2
Wenang,Antasena,Undirected,2
Rukmini,Nakula,Undirected,2
Sengkuni,Antareja,Undirected,5
Dewasrani,Antareja,Undirected,1
Kartapiyoga,Bismaka,Undirected,1
Werkudara,Dhandhang,Undirected,2
Dewasrani,Sengkuni,Undirected,1
Bagong,Banowati,Undirected,6
Werkudara,Bendana,Undirected,4
Semar,Desamuka,Undirected,2
Arjuna,Ranu,Undirected,2
Dewasrani,Bendana,Undirected,1
Wisnu,Banowati,Undirected,1
Gatotkaca,Setyaki,Undirected,7
Setyaki,Ramaparasu,Undirected,1
Arjuna,Padmanaba,Undirected,1
Bomanarakasura,Gareng,Undirected,1
Wisanggeni,Kresna,Undirected,8
Kencana_Wulan,Petruk,Undirected,1
Kunti,Yamawidura,Undirected,1
Durga,Indra,Undirected,5
Parasara,Petruk,Undirected,2
Pulungsari,Pulunggana,Undirected,4
Kanastren,Indra,Undirected,1
Desamuka,Setyaboma,Undirected,1
Ranu,Bantala,Undirected,3
Abimanyu,Brajamusthi,Undirected,1
Mandrakeswara,Abiyasa,Undirected,1
Karna,Nembur_Nawa,Undirected,1
Arjuna,Wulan_Dremi,Undirected,2
Sengkuni,Kumbakarna,Undirected,1
Guru,Puntadewa,Undirected,9
Nagagini,Puntadewa,Undirected,1
Bagong,Durga,Undirected,4
Banowati,Asmarawati,Undirected,1
Pancawala,Soka,Undirected,1
Bayu,Yudhistira,Undirected,1
Setyaki,Durga,Undirected,1
Werkudara,Bantala,Undirected,1
Anoman,Abimanyu,Undirected,10
Bilung,Arjuna,Undirected,1
Lesmana_Murdaka,Barata,Undirected,3
Sengkuni,Antaboga,Undirected,2
Garuda,Petruk,Undirected,1
Arjuna,Narada,Undirected,17
Banowati,Narada,Undirected,4
Karna,Pulunggana,Undirected,1
Sengkuni,Gendari,Undirected,3
Gatotkaca,Yudhistira,Undirected,2
Parasara,Wisanggeni,Undirected,1
Dewa_Ruci,Arjuna,Undirected,1
Saragupita,Bismaka,Undirected,4
Abiyasa,Yuda_Kala_Kresna,Undirected,1
Anoman,Antasena,Undirected,2
Semar,Tambrapeta,Undirected,2
Bagong,Antaboga,Undirected,2
Hagni,Gatotkaca,Undirected,1
Baladewa,Werkudara,Undirected,13
Kangsa,Rohini,Undirected,1
Wulan_Dremi,Narada,Undirected,2
Abiyasa,Banowati,Undirected,3
Narada,Basudewa,Undirected,2
Bismaka,Pandu,Undirected,4
Setyaki,Siti_Sendari,Undirected,1
Tambrapeta,Kresna,Undirected,2
Kamajaya,Narada,Undirected,4
Bilung,Gatotkaca,Undirected,3
Banowati,Werkudara,Undirected,13
Kartamarma,Ranu,Undirected,1
Baladewa,Nagaprasanta,Undirected,1
Semar,Nakula,Undirected,16
Guru,Abiyasa,Undirected,2
Bagaspati,Destarastra,Undirected,1
Pragota,Baladewa,Undirected,1
Semar,Kunti,Undirected,5
Wibisana,Kumbakarna,Undirected,2
Bismaka,Yuda_Kala_Kresna,Undirected,1
Asmarawati,Nakula,Undirected,2
Karna,Sri,Undirected,2
Gareng,Bayu,Undirected,1
Kangsa,Indra,Undirected,1
Pulunggana,Nakula,Undirected,1
Durna,Antaboga,Undirected,2
Arjuna,Pulungsari,Undirected,2
Ugrasena,Petruk,Undirected,3
Bhisma,Nakula,Undirected,1
Dewasrani,Bagong,Undirected,2
Sekipu,Kresna,Undirected,2
Duryudana,Antareja,Undirected,5
Banowati,Hagni,Undirected,1
Bomanarakasura,Puntadewa,Undirected,1
Semar,Duryudana,Undirected,13
Setyaboma,Brahma,Undirected,1
Maruta,Arjuna,Undirected,2
Brajadhenta,Brajamusthi,Undirected,3
Bagong,Nagaprasanta,Undirected,1
Nembur_Nawa,Sadewa,Undirected,1
Guru,Kanastren,Undirected,2
Rukmini,Werkudara,Undirected,5
Bisawarna,Gareng,Undirected,1
Baladewa,Bendana,Undirected,2
Lesmana_Mandrakumara,Anoman,Undirected,3
Drupadi,Sri,Undirected,1
Semar,Kuntiboja,Undirected,1
Dhandhonwacana,Bhisma,Undirected,1
Sengkuni,Basudewa,Undirected,1
Durna,Mangsahpati,Undirected,2
Bomanarakasura,Setyaboma,Undirected,1
Abiyasa,Semar,Undirected,8
Gatotkaca,Narada,Undirected,10
Gagak_Baka,Baladewa,Undirected,1
Nakula,Narada,Undirected,8
Kanastren,Antaboga,Undirected,1
Saragupita,Arjuna,Undirected,1
Bisawarna,Duryudana,Undirected,2
Bagong,Erawati,Undirected,1
Sadewa,Ratmuka,Undirected,1
Guru,Werkudara,Undirected,14
Karna,Yudhistira,Undirected,1
Surtikanthi,Bismaka,Undirected,1
Durna,TunggulWulung,Undirected,1
Durga,Wisanggeni,Undirected,5
Rukmini,Abiyasa,Undirected,1
Surya,Pracona,Undirected,1
Guru,Wisanggeni,Undirected,8
Kencana_Wulan,Sadewa,Undirected,1
Pulungsari,Duryudana,Undirected,2
Guru,Setyaboma,Undirected,2
Wisanggeni,Dersanala,Undirected,3
Gareng,Surabramadiraja,Undirected,1
Wisnu,Setyaboma,Undirected,1
Gareng,Padmanaba,Undirected,1
Samba,Bagong,Undirected,5
Semar,Antasena,Undirected,1
Bendana,Nakula,Undirected,4
Banowati,Abimanyu,Undirected,7
Bilung,Mangsahpati,Undirected,1
Citrarata,Kartamarma,Undirected,2
Gatotkaca,Gagak_Baka,Undirected,1
Pandu,Basudewa,Undirected,5
Angganjali,Durga,Undirected,1
Karna,Panyarikan,Undirected,1
Rara_Ireng,Pragota,Undirected,1
Semar,Puntadewa,Undirected,17
Guru,Sekipu,Undirected,3
Antaboga,Narada,Undirected,4
Lesmana_Murdaka,Werkudara,Undirected,1
Arjuna,Dersanala,Undirected,3
Gareng,Yamadipati,Undirected,1
Bomanarakasura,Anoman,Undirected,4
Udawa,Panyarikan,Undirected,1
Soka,Kartamarma,Undirected,1
Semar,Kanastren,Undirected,5
Sadewa,Gagak_Baka,Undirected,1
Druwasa,Gendara,Undirected,1
Jembawati,Nakula,Undirected,1
Sengkuni,Arjuna,Undirected,16
Mangsahpati,Sadewa,Undirected,2
Gareng,Dhandhang,Undirected,2
Antakawulan,Durna,Undirected,1
Kartamarma,Dewa_Ruci,Undirected,1
Gareng,Garuda,Undirected,1
Gatotkaca,Kartamarma,Undirected,6
Mangsahpati,Duryudana,Undirected,2
Bilung,Antareja,Undirected,1
Guru,Wisnu,Undirected,1
Pancawala,Werkudara,Undirected,1
Petruk,Wenang,Undirected,3
Udawa,Petruk,Undirected,2
Gareng,Surya,Undirected,1
Samba,Kamajaya,Undirected,1
Samba,Setyaboma,Undirected,2
Duryudana,Durga,Undirected,3
Pracona,Ramayadi,Undirected,2
Rara_Ireng,Duryudana,Undirected,2
Maerah,Badrahini,Undirected,4
Maerah,Salya,Undirected,1
Guru,Badrahini,Undirected,1
Sengkuni,Bantala,Undirected,1
Banowati,Kresna,Undirected,11
Salya,Yamawidura,Undirected,1
Guru,Kartapiyoga,Undirected,1
Bomanarakasura,Setyaki,Undirected,2
Pancawala,Kunti,Undirected,1
Rukmini,Baladewa,Undirected,1
Garuda,Dhamdharat,Undirected,2
Petruk,Durga,Undirected,3
Mandrakeswara,Sengkuni,Undirected,1
Petruk,Lesmana_Mandrakumara,Undirected,2
Antakawulan,Lesmana_Murdaka,Undirected,2
Bismaka,Sengkuni,Undirected,1
Kumbakarna,Duryudana,Undirected,1
Wisnu,Kartamarma,Undirected,1
Guru,Sadana,Undirected,2
Soka,Kalika,Undirected,1
Arjuna,Asmarawati,Undirected,5
Pragota,Saragupita,Undirected,2
Durna,Arimbi,Undirected,2
Kunti,Abiyasa,Undirected,4
Ugrasena,Mandrakeswara,Undirected,1
Saragupita,Gorawangsa,Undirected,1
Rukmara,Arjuna,Undirected,2
Setyaki,Semar,Undirected,5
Kurandhayaksa,Kartapiyoga,Undirected,3
Lesmana_Murdaka,Arjuna,Undirected,3
Gareng,Asmarawati,Undirected,2
Durna,Sri,Undirected,2
Durna,Kunti,Undirected,3
Sengkuni,Baladewa,Undirected,7
Durna,Karna,Undirected,19
Bhisma,Duryudana,Undirected,1
Pujawati,Bagaspati,Undirected,3
Sri,Abimanyu,Undirected,4
Jembawati,Werkudara,Undirected,2
Dhandhonwacana,Yudhistira,Undirected,1
Baladewa,Semar,Undirected,14
Sadana,Kresna,Undirected,3
Bendana,Gendari,Undirected,1
Bagong,Antareja,Undirected,5
Sadewa,Surabramadiraja,Undirected,1
Sengkuni,Anoman,Undirected,12
Sadewa,Setyaboma,Undirected,1
Durna,Indra,Undirected,5
Saragupita,Indra,Undirected,2
Angganjali,Pracona,Undirected,2
Petruk,Kartamarma,Undirected,5
Guru,Drupadi,Undirected,1
Banowati,Bendana,Undirected,1
Baladewa,Arjuna,Undirected,15
Ugrasena,Erawati,Undirected,1
Saragupita,Maerah,Undirected,2
Kartapiyoga,Indra,Undirected,1
Bayu,Duryudana,Undirected,2
Gareng,Wisnu,Undirected,2
Panyarikan,Nakula,Undirected,2
Bisawarna,Anoman,Undirected,2
Lesmana_Mandrakumara,Kartamarma,Undirected,4
Wisnu,Kresna,Undirected,3
Dewa_Ruci,Werkudara,Undirected,2
Suparta,Gendari,Undirected,1
Rama,Anoman,Undirected,3
Destarastra,Madrim,Undirected,2
Guru,Ramayadi,Undirected,2
Setyaki,Kresna,Undirected,11
Gareng,Sengkuni,Undirected,12
Durga,Kresna,Undirected,5
Ranu,Kresna,Undirected,1
Bismaka,Duryudana,Undirected,1
Jaya_Bajra,Semar,Undirected,1
Bisawarna,Rara_Ireng,Undirected,1
Guru,Tambrapeta,Undirected,2
Abiyasa,Basudewa,Undirected,1
Abiyasa,Destarastra,Undirected,2
Angganjali,Arjuna,Undirected,1
Sri,Duryudana,Undirected,1
Baladewa,Anoman,Undirected,8
Ramayadi,Narada,Undirected,2
Rara_Ireng,Anoman,Undirected,1
Udawa,Kartamarma,Undirected,1
Semar,Surati_Mantra,Undirected,1
Semar,Citrasena,Undirected,2
Nakula,Yudhistira,Undirected,4
Banowati,Brajamusthi,Undirected,1
Karna,Antareja,Undirected,3
Baladewa,Antareja,Undirected,8
Sri,Baladewa,Undirected,2
Kalika,Tambrapeta,Undirected,1
Arimbi,Gendari,Undirected,1
Durna,Pulunggana,Undirected,1
Surya,Kresna,Undirected,1
Setyaboma,Indra,Undirected,1
Gatotkaca,Ramayadi,Undirected,2
Surtikanthi,Basudewa,Undirected,1
Bagong,Kencana_Wulan,Undirected,1
Pandu,Gendara,Undirected,2
Rukmara,Narada,Undirected,1
Saragupita,Basudewa,Undirected,4
Samba,Durna,Undirected,4
Durna,Rukmini,Undirected,2
Gareng,Rohini,Undirected,1
Sadewa,Bantala,Undirected,1
Guru,Duryudana,Undirected,5
Karna,Ramaparasu,Undirected,1
Pulungsari,Anoman,Undirected,1
Pulungsari,Lesmana_Mandrakumara,Undirected,2
Durna,Yudhistira,Undirected,1
Gareng,Bagaspati,Undirected,1
Duryudana,Wilawuk,Undirected,1
Duryudana,Ranu,Undirected,1
Bagong,Destarastra,Undirected,1
Petruk,Togog,Undirected,4
Guru,Dersanala,Undirected,3
Druwasa,Salya,Undirected,1
Kunti,Nakula,Undirected,6
Wisanggeni,Nakula,Undirected,4
Karna,Togog,Undirected,3
Karna,Wisanggeni,Undirected,3
Sengkuni,Desamuka,Undirected,1
Gareng,Sekipu,Undirected,1
Antareja,Drupadi,Undirected,1
Samba,Siti_Sendari,Undirected,1
Bilung,Abimanyu,Undirected,2
Rukmini,Panyarikan,Undirected,1
Arimbi,Wilawuk,Undirected,3
Angganjali,Semar,Undirected,1
Pulungsari,Petruk,Undirected,1
Puntadewa,Bhisma,Undirected,1
Barata,Kartamarma,Undirected,1
Gagak_Baka,Petruk,Undirected,1
Gareng,Kartamarma,Undirected,5
Semar,Pracona,Undirected,1
Banowati,Lesmana_Mandrakumara,Undirected,3
Gendara,NgembatLandeyan,Undirected,1
Samba,Nakula,Undirected,4
Arjuna,Citrasena,Undirected,2
Durna,Suparta,Undirected,1
Bagong,Pujawati,Undirected,2
Drestarastra,Yudhistira,Undirected,1
Sengkuni,Kresna,Undirected,16
Nagatatmala,Duryudana,Undirected,2
Bismaka,Surati_Mantra,Undirected,2
Bendana,Yudhistira,Undirected,3
Wibisana,Kresna,Undirected,1
Parasara,Gatotkaca,Undirected,2
Kencana_Wulan,Werkudara,Undirected,1
Pancawala,Wisanggeni,Undirected,2
Kartamarma,Kresna,Undirected,10
Bagong,Petruk,Undirected,36
Drupadi,Kresna,Undirected,1
Garuda,Narada,Undirected,1
Wisanggeni,Duryudana,Undirected,2
Rukmini,Durga,Undirected,1
Puntadewa,Dersanala,Undirected,1
Semar,Gagak_Baka,Undirected,1
Samba,Karna,Undirected,2
Sugriwa,Arjuna,Undirected,1
Mandrakeswara,Basudewa,Undirected,1
Kunti,Gendari,Undirected,3
Dhandhonwacana,Arimbi,Undirected,1
Semar,Nagatatmala,Undirected,1
Citrarata,Sengkuni,Undirected,3
Durna,Durga,Undirected,3
Yamadipati,Narada,Undirected,1
Rama,Satrugna,Undirected,1
Guru,Sri,Undirected,2
Dewasrani,Duryudana,Undirected,1
Sengkuni,Setyaki,Undirected,3
Salya,Nagaprasanta,Undirected,1
Bagong,Udawa,Undirected,2
Sadana,Anoman,Undirected,2
Gareng,Dhamdharat,Undirected,1
Pandu,Indra,Undirected,1
Sadana,Indra,Undirected,1
Kartamarma,Brajamusthi,Undirected,1
Guru,Sengkuni,Undirected,4
Udawa,Yuda_Kala_Kresna,Undirected,1
Kurandhayaksa,Surtikanthi,Undirected,2
Bagong,Yuda_Kothi,Undirected,1
Antakawulan,Puntadewa,Undirected,2
Abiyasa,Asmarawati,Undirected,1
Pragota,Petruk,Undirected,1
Samba,Abimanyu,Undirected,7
Lesmana_Mandrakumara,Abimanyu,Undirected,3
Antakawulan,Werkudara,Undirected,2
Madrim,Yamawidura,Undirected,1
Bagong,Rohini,Undirected,1
Pradapa,Arjuna,Undirected,2
Dewasrani,Semar,Undirected,2
Gareng,Pulunggana,Undirected,1
Asmarawati,Dhamdharat,Undirected,2
Rama,Kartamarma,Undirected,1
Wulan_Dremi,Lesmana_Mandrakumara,Undirected,1
Semar,Drestarastra,Undirected,1
Banowati,Citrarata,Undirected,1
Rara_Ireng,Yuda_Kothi,Undirected,1
Sengkuni,Bagaspati,Undirected,1
Werkudara,Citrasena,Undirected,2
Sengkuni,Pulungsari,Undirected,2
Dhandhonwacana,Duryudana,Undirected,1
Banowati,Dhandhang,Undirected,1
Durna,Togog,Undirected,2
Saragupita,Petruk,Undirected,2
Dewaki,Maerah,Undirected,4
Bagong,Suparta,Undirected,1
Petruk,Gendara,Undirected,1
Arjuna,Dhamdharat,Undirected,4
Bismaka,Narada,Undirected,3
Kamajaya,Arjuna,Undirected,3
Sugriwa,Gatotkaca,Undirected,1
Guru,Pulungsari,Undirected,3
Bagong,Dhadhungawuk,Undirected,1
Dewaki,Narada,Undirected,1
Citrarata,Puntadewa,Undirected,1
Werkudara,Kresna,Undirected,47
Salya,NgembatLandeyan,Undirected,1
Guru,Durna,Undirected,6
Kangsa,Rara_Ireng,Undirected,1
Destarastra,Gendari,Undirected,2
Baladewa,Satrugna,Undirected,1
Kamajaya,Nakula,Undirected,1
Baladewa,Setyaboma,Undirected,1
Arjuna,Tambrapeta,Undirected,2
Gareng,Kunti,Undirected,3
Bagong,Kamajaya,Undirected,2
Panyarikan,Ramayadi,Undirected,1
Rukmini,Brahma,Undirected,1
Angganjali,Indra,Undirected,1
Gareng,Karna,Undirected,6
Brajadhenta,Mangsahpati,Undirected,1
Sengkuni,Durga,Undirected,4
Dewasrani,Banowati,Undirected,1
Desamuka,Baladewa,Undirected,2
Dewasrani,Brahma,Undirected,1
Durga,Kunti,Undirected,3
Rara_Ireng,Nagaprasanta,Undirected,1
Udawa,Arjuna,Undirected,2
Saragupita,Narada,Undirected,2
Satrugna,Anoman,Undirected,1
Bagong,Kartapiyoga,Undirected,1
Gareng,Indra,Undirected,7
TunggulWulung,Narada,Undirected,1
Banowati,Garuda,Undirected,2
Durga,Yudhistira,Undirected,1
Bomanarakasura,Nakula,Undirected,1
Gatotkaca,Sri,Undirected,3
Bomanarakasura,Durna,Undirected,1
Sadewa,Kumbakarna,Undirected,1
Maerah,Narada,Undirected,1
Pulungsari,Kartamarma,Undirected,2
Werkudara,Gendari,Undirected,2
Wenang,Antareja,Undirected,1
Siti_Sendari,Duryudana,Undirected,1
Setyaki,Antaboga,Undirected,1
Arimbi,Kresna,Undirected,3
Desamuka,Antareja,Undirected,1
Antareja,Petruk,Undirected,7
Petruk,Antasena,Undirected,1
Karna,Parasara,Undirected,2
Werkudara,Togog,Undirected,2
Kunti,Asmarawati,Undirected,1
Lesmana_Murdaka,Satrugna,Undirected,1
Bismaka,Destarastra,Undirected,1
Kanastren,Narada,Undirected,2
TunggulWulung,Kresna,Undirected,2
Durna,Satrugna,Undirected,1
Bendana,Kartamarma,Undirected,1
Durna,Nembur_Nawa,Undirected,1
Durna,Gagak_Baka,Undirected,1
Ugrasena,Abiyasa,Undirected,1
Petruk,Yamadipati,Undirected,1
Nakula,Nembur_Nawa,Undirected,1
Pandu,Baladewa,Undirected,2
Destarastra,Pandu,Undirected,3
Durga,Narada,Undirected,5
Samba,Narada,Undirected,4
Banowati,Rara_Ireng,Undirected,2
Semar,Werkudara,Undirected,26
Bayu,Puntadewa,Undirected,2
Indra,Dersanala,Undirected,2
Werkudara,Mangsahpati,Undirected,3
Karna,Pulungsari,Undirected,2
Antareja,Puntadewa,Undirected,8
Bhisma,Wilawuk,Undirected,1
Nakula,Gagak_Baka,Undirected,1
Karna,Indra,Undirected,4
Wenang,Dersanala,Undirected,2
Bomanarakasura,Sengkuni,Undirected,1
Bisawarna,Setyaki,Undirected,1
Pradapa,Werkudara,Undirected,2
Desamuka,Lesmana_Mandrakumara,Undirected,1
Rukmara,Duryudana,Undirected,2
Arjuna,Bhisma,Undirected,1
Wulan_Drema,Anoman,Undirected,1
Durna,Antareja,Undirected,6
Petruk,Narada,Undirected,8
Kencana_Wulan,Asmarawati,Undirected,2
Samba,Nagagini,Undirected,1
Sadewa,Puntadewa,Undirected,30
Pragota,Bismaka,Undirected,1
Sadewa,Pulunggana,Undirected,1
Udawa,Anoman,Undirected,4
Karna,Banowati,Undirected,10
Rukmini,Antaboga,Undirected,1
Gareng,Narada,Undirected,9
Udawa,Sadewa,Undirected,2
Antareja,Pulunggana,Undirected,1
Arjuna,Dhandhang,Undirected,4
Rukmini,Bagong,Undirected,3
Bismaka,Gendara,Undirected,1
Sengkuni,Nembur_Nawa,Undirected,1
Werkudara,Nagatatmala,Undirected,2
Kunti,Drestarastra,Undirected,1
Banowati,Sadewa,Undirected,9
Nakula,Padmanaba,Undirected,1
Petruk,Yamawidura,Undirected,1
Bayu,Sengkuni,Undirected,2
Mangsahpati,Kresna,Undirected,2
Dhandhonwacana,Nakula,Undirected,1
Karna,Bendana,Undirected,3
Hagni,Duryudana,Undirected,1
Kanastren,Wenang,Undirected,1
Durna,Soka,Undirected,1
Soka,Nakula,Undirected,2
Baladewa,Togog,Undirected,2
Durna,Nagagini,Undirected,3
Petruk,Madrim,Undirected,3
TunggulWulung,Gatotkaca,Undirected,2
Sengkuni,Petruk,Undirected,14
Ugrasena,Salya,Undirected,2
Desamuka,Nakula,Undirected,1
Antaboga,Werkudara,Undirected,4
Durna,Sugriwa,Undirected,1
Brajadhenta,Durna,Undirected,2
Wulan_Dremi,Kresna,Undirected,2
Durna,Udawa,Undirected,4
Bisawarna,Nakula,Undirected,1
Sadewa,Antasena,Undirected,1
Togog,Antareja,Undirected,2
Wenang,Duryudana,Undirected,3
Karna,NgembatLandeyan,Undirected,1
Banowati,Kencana_Wulan,Undirected,1
Samba,Kresna,Undirected,16
Brajadhenta,Togog,Undirected,2
Puntadewa,Anoman,Undirected,10
Abiyasa,Gendara,Undirected,1
Nagatatmala,Puntadewa,Undirected,1
Surya,Semar,Undirected,1
Kangsa,Bagong,Undirected,1
Kunti,Citrasena,Undirected,1
Bagaspati,Abiyasa,Undirected,1
Kunti,Bagaspati,Undirected,1
Kamajaya,Brahma,Undirected,2
Sadewa,Bilung,Undirected,1
Arjuna,Sadana,Undirected,3
Gareng,Durga,Undirected,4
Petruk,Ratmuka,Undirected,1
Jembawati,Narada,Undirected,2
Wisanggeni,Anoman,Undirected,1
Sengkuni,Yamadipati,Undirected,1
Karna,Mandrakeswara,Undirected,1
Durna,Abimanyu,Undirected,8
Sekipu,Brahma,Undirected,2
Durna,Citrarata,Undirected,2
Panyarikan,Semar,Undirected,2
Abiyasa,Gendari,Undirected,2
Durga,Kamajaya,Undirected,3
Bagong,Gendari,Undirected,2
Bayu,Abiyasa,Undirected,2
Kunti,Dewa_Ruci,Undirected,1
Guru,Petruk,Undirected,7
Drupadi,Yamadipati,Undirected,1
Angganjali,Yudhistira,Undirected,1
Durna,Drestarastra,Undirected,2
Werkudara,Gagak_Baka,Undirected,2
Durna,Brajamusthi,Undirected,1
Kangsa,Maerah,Undirected,2
Puntadewa,Dhamdharat,Undirected,5
Sugriwa,Kresna,Undirected,1
Kencana_Wulan,Puntadewa,Undirected,1
Durga,Tambrapeta,Undirected,1
Parasara,Puntadewa,Undirected,1
Gareng,Lesmana_Mandrakumara,Undirected,1
Samba,Ramaparasu,Undirected,1
Nagatatmala,Abiyasa,Undirected,1
Dewasrani,Parasara,Undirected,1
Gareng,Togog,Undirected,1
Durga,Arimbi,Undirected,1
Petruk,Bhisma,Undirected,1
Yuda_Kala_Kresna,Nakula,Undirected,1
Antakawulan,Sadewa,Undirected,2
Baladewa,Pracona,Undirected,2
Bagong,Pulunggana,Undirected,1
Ugrasena,Basudewa,Undirected,6
Gareng,Bendana,Undirected,3
Dewasrani,Wisanggeni,Undirected,3
Gendari,Yudhistira,Undirected,1
Arjuna,Indra,Undirected,9
Antakawulan,Baladewa,Undirected,2
Rukmara,Abiyasa,Undirected,1
Kangsa,Pandu,Undirected,2
Abiyasa,Abimanyu,Undirected,4
Duryudana,Nagagini,Undirected,2
Antareja,Sadana,Undirected,5
Citrarata,Duryudana,Undirected,2
Bomanarakasura,Duryudana,Undirected,1
Panyarikan,Surya,Undirected,1
Nagatatmala,Nagagini,Undirected,3
Bendana,Wilawuk,Undirected,2
Nembur_Nawa,Werkudara,Undirected,2
Bilung,Desamuka,Undirected,1
Pujawati,Destarastra,Undirected,1
Kuntiboja,Pandu,Undirected,1
Bagong,Dhandhang,Undirected,2
Udawa,Nakula,Undirected,2
Setyaki,Duryudana,Undirected,3
Jembawati,Kresna,Undirected,3
Gatotkaca,Abiyasa,Undirected,3
Arjuna,Drupadi,Undirected,1
Garuda,Nakula,Undirected,2
Bagong,Brahma,Undirected,2
Bismaka,Arjuna,Undirected,3
Bayu,Drestarastra,Undirected,1
Gareng,Gendari,Undirected,2
Maerah,Erawati,Undirected,1
Gareng,Gendara,Undirected,1
Karna,Kuntiboja,Undirected,2
Citrarata,Pradapa,Undirected,2
Petruk,Pulunggana,Undirected,1
Surati_Mantra,Rohini,Undirected,1
Arjuna,Duryudana,Undirected,16
Kunti,Nembur_Nawa,Undirected,1
Baladewa,Antasena,Undirected,2
Werkudara,Rama,Undirected,1
Sengkuni,Pradapa,Undirected,1
Rukmini,Bismaka,Undirected,1
Bismaka,Salya,Undirected,2
Guru,Lesmana_Mandrakumara,Undirected,1
Baladewa,Sekipu,Undirected,2
Duryudana,Indra,Undirected,4
Dewa_Ruci,Nembur_Nawa,Undirected,2
Dewaki,Rara_Ireng,Undirected,3
Pulungsari,Abimanyu,Undirected,3
Dhadhungawuk,Siti_Sendari,Undirected,1
Rara_Ireng,Basudewa,Undirected,3
Semar,Rohini,Undirected,1
Baladewa,Yudhistira,Undirected,2
Bayu,Bendana,Undirected,1
Bisawarna,Kumbakarna,Undirected,2
Werkudara,Wenang,Undirected,6
Surya,Brahma,Undirected,1
Narada,Puntadewa,Undirected,8
Pulungsari,Bendana,Undirected,1
Rara_Ireng,Nakula,Undirected,2
Pradapa,Tambrapeta,Undirected,3
Bomanarakasura,Baladewa,Undirected,3
Panyarikan,Duryudana,Undirected,1
Sadewa,Baladewa,Undirected,7
Kalika,Kunti,Undirected,3
Pancawala,Semar,Undirected,1
Rara_Ireng,Werkudara,Undirected,3
Sadewa,Dhamdharat,Undirected,3
Bagaspati,Yamawidura,Undirected,1
Antareja,Bendana,Undirected,2
Semar,Sadana,Undirected,5
Sadewa,Soka,Undirected,2
Surtikanthi,Rara_Ireng,Undirected,1
Sri,Indra,Undirected,1
Gorawangsa,Kresna,Undirected,1
Guru,Gatotkaca,Undirected,9
Indra,Padmanaba,Undirected,1
Durna,Sadewa,Undirected,15
Karna,Rama,Undirected,1
Kurandhayaksa,Basudewa,Undirected,1
Abiyasa,Brajamusthi,Undirected,1
Sengkuni,Sri,Undirected,2
Karna,Duryudana,Undirected,19
Banowati,Desamuka,Undirected,1
Pancawala,Durga,Undirected,1
Pracona,Yudhistira,Undirected,1
Baladewa,Rohini,Undirected,2
Sengkuni,Pujawati,Undirected,1
Banowati,Soka,Undirected,1
Bagong,Yamawidura,Undirected,1
Ramaparasu,Arjuna,Undirected,2
Baladewa,Nakula,Undirected,7
Gareng,Salya,Undirected,4
Bagong,Dersanala,Undirected,1
Guru,Surya,Undirected,1
Saragupita,Rohini,Undirected,1
Suparta,Bendana,Undirected,1
Sadewa,Ramayadi,Undirected,1
Bismaka,Maerah,Undirected,4
Baladewa,Dhadhungawuk,Undirected,1
Guru,Maerah,Undirected,1
Rara_Ireng,Surati_Mantra,Undirected,1
Wisnu,Anoman,Undirected,3
Bagaspati,Petruk,Undirected,2
Gatotkaca,Wisnu,Undirected,2
Sadewa,Arjuna,Undirected,31
Bisawarna,Garuda,Undirected,1
Badrahini,Surati_Mantra,Undirected,1
Udawa,Padmanaba,Undirected,2
Lesmana_Mandrakumara,Antareja,Undirected,1
Semar,Brahma,Undirected,3
Antaboga,Gatotkaca,Undirected,4
Werkudara,Tambrapeta,Undirected,2
Samba,Nagatatmala,Undirected,2
Karna,Abimanyu,Undirected,6
Werkudara,Dhamdharat,Undirected,3
Setyaboma,Kresna,Undirected,3
Sri,Lesmana_Mandrakumara,Undirected,1
Banowati,Wulan_Drema,Undirected,1
Samba,Antaboga,Undirected,1
Jaya_Bajra,Surati_Mantra,Undirected,2
Rukmini,Yuda_Kala_Kresna,Undirected,1
Banowati,Wulan_Dremi,Undirected,1
Bagong,Duryudana,Undirected,10
Rukmara,Petruk,Undirected,1
Badrahini,Narada,Undirected,1
Wulan_Drema,Wulan_Dremi,Undirected,3
Durna,Ratmuka,Undirected,1
Semar,Ramaparasu,Undirected,2
Puntadewa,Gagak_Baka,Undirected,1
Wisnu,Werkudara,Undirected,3
Bagong,Sri,Undirected,1
Panyarikan,Angganjali,Undirected,1
Gareng,Pujawati,Undirected,1
Guru,Saragupita,Undirected,1
Kanastren,Satrugna,Undirected,1
Durna,Hagni,Undirected,1
Guru,Narada,Undirected,24
Ugrasena,Bagaspati,Undirected,1
Antaboga,Puntadewa,Undirected,2
Surtikanthi,Arjuna,Undirected,2
Arimbi,Abiyasa,Undirected,2
Maruta,Anoman,Undirected,1
Kunti,NgembatLandeyan,Undirected,1
Guru,Wenang,Undirected,2
Banowati,Bayu,Undirected,1
Semar,Antaboga,Undirected,3
Gatotkaca,Nagagini,Undirected,1
Panyarikan,Anoman,Undirected,1
Desamuka,Togog,Undirected,1
Puntadewa,Baladewa,Undirected,7
Gatotkaca,Kresna,Undirected,29
Udawa,Pulungsari,Undirected,1
Drupadi,Sadana,Undirected,1
Bagaspati,Pandu,Undirected,1
Arimbi,Indra,Undirected,1
Angganjali,Arimbi,Undirected,2
Puntadewa,Yudhistira,Undirected,2
Semar,Wilawuk,Undirected,2
Puntadewa,Rama,Undirected,2
Wulan_Dremi,Pulungsari,Undirected,1
Gareng,Dhadhungawuk,Undirected,1
Nagatatmala,Petruk,Undirected,1
Gatotkaca,Duryudana,Undirected,10
Salya,Madrim,Undirected,3
Arjuna,Surabramadiraja,Undirected,1
Udawa,Narada,Undirected,3
Banowati,Nagagini,Undirected,2
Kartapiyoga,Salya,Undirected,1
Citrarata,Nakula,Undirected,2
Nagaprasanta,Narada,Undirected,1
Sugriwa,Anoman,Undirected,2
Abiyasa,Narada,Undirected,2
Samba,Setyaki,Undirected,12
Durna,Bagong,Undirected,11
Rukmini,Kresna,Undirected,6
Yamadipati,Indra,Undirected,1
Citrarata,Durga,Undirected,1
Pradapa,Citrasena,Undirected,2
Gareng,Arimbi,Undirected,3
Mandrakeswara,Kuntiboja,Undirected,1
Ugrasena,Narada,Undirected,2
Semar,Bendana,Undirected,3
Bagong,Wilawuk,Undirected,2
Ramaparasu,Kartamarma,Undirected,1
Pradapa,Kartamarma,Undirected,1
Sadewa,Kamajaya,Undirected,1
Surabramadiraja,Antasena,Undirected,2
Antareja,Nakula,Undirected,6
Dewa_Ruci,Bayu,Undirected,1
Brajadhenta,Bagong,Undirected,1
Samba,Desamuka,Undirected,1
Baladewa,Kartamarma,Undirected,1
Narada,Ranu,Undirected,1
Banowati,Durga,Undirected,3
Puntadewa,Surabramadiraja,Undirected,2
Udawa,Semar,Undirected,3
Kangsa,Surati_Mantra,Undirected,2
Parasara,Antareja,Undirected,1
Kartapiyoga,Arjuna,Undirected,2
Kangsa,Kresna,Undirected,1
Kamajaya,Werkudara,Undirected,2
Udawa,Werkudara,Undirected,4
Sengkuni,Lesmana_Mandrakumara,Undirected,8
Rukmara,Nakula,Undirected,1
Puntadewa,Citrasena,Undirected,1
Yamadipati,Abimanyu,Undirected,2
Parasara,Pulunggana,Undirected,1
Samba,Dewasrani,Undirected,1
Barata,Gatotkaca,Undirected,1
Sengkuni,Samba,Undirected,3
Bagong,Sadana,Undirected,1
Antaboga,Arjuna,Undirected,2
Saragupita,Kresna,Undirected,1
Bagong,Siti_Sendari,Undirected,1
Gareng,Yamawidura,Undirected,1
Antaboga,Setyaboma,Undirected,1
Narada,Dersanala,Undirected,2
Arjuna,Kresna,Undirected,44
Mandrakeswara,Pujawati,Undirected,1
Gareng,Surtikanthi,Undirected,1
Bismaka,Abiyasa,Undirected,2
Sengkuni,Narada,Undirected,4
Samba,Anoman,Undirected,8
Jaya_Bajra,Badrahini,Undirected,1
Sekipu,Indra,Undirected,2
Kurandhayaksa,Rara_Ireng,Undirected,1
Parasara,Sadewa,Undirected,1
Gareng,Bhisma,Undirected,1
Lesmana_Mandrakumara,Kresna,Undirected,3
Gorawangsa,Surati_Mantra,Undirected,3
Nagagini,Abimanyu,Undirected,1
Wisnu,Arjuna,Undirected,3
Durga,Bendana,Undirected,2
Ugrasena,Gendari,Undirected,1
Karna,Rara_Ireng,Undirected,2
Suparta,Nakula,Undirected,1
Arimbi,Yudhistira,Undirected,3
Ugrasena,Maerah,Undirected,2
Ugrasena,Gendara,Undirected,1
Bagong,Pulungsari,Undirected,1
Kurandhayaksa,Arjuna,Undirected,2
Abiyasa,Madrim,Undirected,1
Bagong,Nagagini,Undirected,1
Dewaki,Jaya_Bajra,Undirected,1
Bismaka,NgembatLandeyan,Undirected,1
Bomanarakasura,Abimanyu,Undirected,4
Durna,Desamuka,Undirected,1
Kalika,Kresna,Undirected,2
Sri,Sadana,Undirected,5
Bilung,Duryudana,Undirected,2
Ugrasena,Kresna,Undirected,1
Semar,Sri,Undirected,4
Kamajaya,Setyaboma,Undirected,1
Udawa,Baladewa,Undirected,2
Karna,Pracona,Undirected,1
Kresna,Siti_Sendari,Undirected,3
Sengkuni,Asmarawati,Undirected,2
Suparta,Yudhistira,Undirected,1
Tambrapeta,Citrasena,Undirected,2
Gareng,Gorawangsa,Undirected,1
Dhandhonwacana,Abiyasa,Undirected,1
Sadewa,Hagni,Undirected,1
Banowati,Kumbakarna,Undirected,1
Udawa,Abiyasa,Undirected,2
Werkudara,Brajamusthi,Undirected,1
Rukmini,Sadewa,Undirected,2
Karna,Kanastren,Undirected,2
Arimbi,Arjuna,Undirected,5
Dewasrani,Jembawati,Undirected,1
Gatotkaca,Togog,Undirected,4
Gatotkaca,Bendana,Undirected,4
Kumbakarna,Narada,Undirected,1
Guru,Kunti,Undirected,2
Sadewa,Desamuka,Undirected,1
Guru,Citrarata,Undirected,2
Surtikanthi,Petruk,Undirected,1
Barata,Satrugna,Undirected,2
Pancawala,Citrarata,Undirected,1
Karna,Sadewa,Undirected,9
Wibisana,Ranu,Undirected,3
Sadewa,Semar,Undirected,16
Rukmini,Padmanaba,Undirected,1
Rukmini,Indra,Undirected,2
Udawa,Puntadewa,Undirected,3
Setyaki,Wisanggeni,Undirected,2
Antaboga,Indra,Undirected,1
Gareng,Yudhistira,Undirected,2
Banowati,Petruk,Undirected,7
Kunti,Arimbi,Undirected,2
Gareng,Rama,Undirected,1
Wulan_Drema,Duryudana,Undirected,1
Karna,Pradapa,Undirected,1
Kartamarma,Parasara,Undirected,2
Rara_Ireng,Badrahini,Undirected,3
Dhadhungawuk,Semar,Undirected,1
Banowati,Nagatatmala,Undirected,1
Bisawarna,Hagni,Undirected,2
Wulan_Drema,Lesmana_Mandrakumara,Undirected,2
Kunti,Duryudana,Undirected,3
Barata,Rama,Undirected,3
Kanastren,Petruk,Undirected,3
Dewasrani,Pulunggana,Undirected,2
Durna,Antasena,Undirected,1
Puntadewa,Abimanyu,Undirected,13
Durna,Bayu,Undirected,2
Asmarawati,Kresna,Undirected,2
Semar,Dersanala,Undirected,2
Bagong,Panyarikan,Undirected,2
Semar,Gatotkaca,Undirected,26
Baladewa,Wisnu,Undirected,1
Kalika,Puntadewa,Undirected,2
Bagong,Surabramadiraja,Undirected,1
Basudewa,Rohini,Undirected,2
Semar,Petruk,Undirected,35
Bisawarna,Semar,Undirected,1
Jembawati,Anoman,Undirected,1
Pujawati,Kunti,Undirected,1
Jembawati,Desamuka,Undirected,1
Bismaka,Erawati,Undirected,1
Durna,Puntadewa,Undirected,18
Barata,Sugriwa,Undirected,2
Puntadewa,Yuda_Kala_Kresna,Undirected,1
Kalika,Nakula,Undirected,2
TunggulWulung,Duryudana,Undirected,1
Citrarata,Wisanggeni,Undirected,2
Suparta,Duryudana,Undirected,1
Dewaki,Bismaka,Undirected,2
Antaboga,Sadana,Undirected,2
Yuda_Kothi,Basudewa,Undirected,1
Surabramadiraja,Anoman,Undirected,1
Bayu,Kunti,Undirected,2
Arjuna,Kartamarma,Undirected,9
Lesmana_Murdaka,Nakula,Undirected,1
Dhandhonwacana,Wilawuk,Undirected,1
Semar,Yuda_Kala_Kresna,Undirected,1
Parasara,Durga,Undirected,1
Antakawulan,Satrugna,Undirected,2
Ugrasena,Yamawidura,Undirected,1
Pradapa,Kresna,Undirected,2
Bismaka,Druwasa,Undirected,1
Durga,Arjuna,Undirected,5
Bismaka,Yuda_Kothi,Undirected,1
Rara_Ireng,Puntadewa,Undirected,2
Mangsahpati,Kencana_Wulan,Undirected,1
Banowati,Arjuna,Undirected,11
Puntadewa,Rukmara,Undirected,2
Pancawala,Kalika,Undirected,1
Sengkuni,Dewa_Ruci,Undirected,1
Wisanggeni,Petruk,Undirected,3
Rara_Ireng,Bismaka,Undirected,2
Setyaki,Wisnu,Undirected,1
Arimbi,Bhisma,Undirected,1
Antakawulan,Nakula,Undirected,2
Sugriwa,Nakula,Undirected,1
Setyaki,Brahma,Undirected,1
Werkudara,Sadana,Undirected,3
Werkudara,Gatotkaca,Undirected,29
Dewasrani,Durna,Undirected,1
Guru,Kartamarma,Undirected,3
Mangsahpati,Dhamdharat,Undirected,2
Parasara,Narada,Undirected,1
Desamuka,Kresna,Undirected,2
Duryudana,Drestarastra,Undirected,1
Wisnu,Karna,Undirected,1
Petruk,Dersanala,Undirected,1
Panyarikan,Puntadewa,Undirected,1
Karna,Gatotkaca,Undirected,8
Gatotkaca,Puntadewa,Undirected,16
Arimbi,Petruk,Undirected,2
Guru,Abimanyu,Undirected,7
Karna,Sengkuni,Undirected,26
Indra,Basudewa,Undirected,3
Rukmini,Narada,Undirected,3
Dewasrani,Arjuna,Undirected,3
Brajamusthi,Togog,Undirected,2
Durna,Bhisma,Undirected,2
Abiyasa,Bilung,Undirected,1
Rara_Ireng,Narada,Undirected,3
Abiyasa,Durna,Undirected,6
Ugrasena,Destarastra,Undirected,1
Pragota,Salya,Undirected,1
Saragupita,Surati_Mantra,Undirected,1
Nembur_Nawa,Banowati,Undirected,1
Karna,Narada,Undirected,6
Surya,Sadewa,Undirected,1
Gareng,Kartapiyoga,Undirected,1
Surtikanthi,Indra,Undirected,1
Bendana,Pracona,Undirected,2
Bagong,Lesmana_Murdaka,Undirected,1
Sri,Nakula,Undirected,2
Durna,Gatotkaca,Undirected,10
Puntadewa,Wenang,Undirected,4
Dhandhonwacana,Werkudara,Undirected,2
Werkudara,Yamadipati,Undirected,1
Sengkuni,Hagni,Undirected,1
Garuda,Werkudara,Undirected,2
Dewasrani,Wenang,Undirected,2
Durna,Ramaparasu,Undirected,1
Baladewa,Basudewa,Undirected,3
Bagong,Dhamdharat,Undirected,1
Pancawala,Sengkuni,Undirected,1
Soka,Puntadewa,Undirected,1
Banowati,Antareja,Undirected,3
Bagaspati,Kuntiboja,Undirected,1
Guru,Durga,Undirected,9
Durna,Wilawuk,Undirected,1
Arimbi,Surabramadiraja,Undirected,4
Puntadewa,Suparta,Undirected,1
Sadewa,Sadana,Undirected,2
Banowati,Kanastren,Undirected,1
Durna,Anoman,Undirected,13
Pulungsari,Kresna,Undirected,2
Semar,Yuda_Kothi,Undirected,1
Antakawulan,Kresna,Undirected,3
Arimbi,Duryudana,Undirected,2
Bilung,Sadana,Undirected,1
Ugrasena,Surati_Mantra,Undirected,1
Bomanarakasura,Guru,Undirected,1
Duryudana,Narada,Undirected,5
Brahma,Dersanala,Undirected,3
Bagong,Rukmara,Undirected,1
Pandu,Surati_Mantra,Undirected,2
Guru,Bismaka,Undirected,2
Sugriwa,Abimanyu,Undirected,1
Abiyasa,Kuntiboja,Undirected,1
Kartamarma,Indra,Undirected,3
Durna,Panyarikan,Undirected,1
Abiyasa,Pandu,Undirected,2
Antareja,Yamadipati,Undirected,1
TunggulWulung,Semar,Undirected,1
Maruta,Puntadewa,Undirected,1
Gareng,Gagak_Baka,Undirected,1
Karna,Abiyasa,Undirected,2
Antareja,Abiyasa,Undirected,1
Ugrasena,Indra,Undirected,2
Ugrasena,Rara_Ireng,Undirected,2
Wibisana,Sadewa,Undirected,1
Abimanyu,Siti_Sendari,Undirected,2
Pulunggana,Kartamarma,Undirected,1
Arimbi,Werkudara,Undirected,7
Kanastren,Gatotkaca,Undirected,5
Petruk,Indra,Undirected,6
Padmanaba,Anoman,Undirected,1
Mangsahpati,Arjuna,Undirected,2
Jembawati,Kamajaya,Undirected,1
Kangsa,Gorawangsa,Undirected,2
Karna,Basudewa,Undirected,2
Barata,Puntadewa,Undirected,2
Banowati,Setyaki,Undirected,2
Bayu,Wilawuk,Undirected,2
Semar,Pulungsari,Undirected,3
Kumbakarna,Kartamarma,Undirected,1
Yuda_Kala_Kresna,Anoman,Undirected,2
Rukmini,Semar,Undirected,3
Gatotkaca,Dhadhungawuk,Undirected,2
Surtikanthi,Yuda_Kothi,Undirected,1
Puntadewa,Bismaka,Undirected,2
Gatotkaca,Brajamusthi,Undirected,3
Baladewa,Badrahini,Undirected,3
Badrahini,Kresna,Undirected,2
Bendana,Puntadewa,Undirected,3
Gagak_Baka,Surabramadiraja,Undirected,2
Banowati,Antaboga,Undirected,1
Kanastren,Sri,Undirected,2
Jembawati,Gatotkaca,Undirected,2
Bagong,Ramayadi,Undirected,1
Jembawati,Setyaki,Undirected,2
Nakula,Antasena,Undirected,1
Petruk,Anoman,Undirected,12
Banowati,Semar,Undirected,9
Sengkuni,Bisawarna,Undirected,2
Wibisana,Bantala,Undirected,3
Suparta,Abiyasa,Undirected,1
Durna,Rara_Ireng,Undirected,2
Barata,Kresna,Undirected,2
Desamuka,Werkudara,Undirected,3
Gatotkaca,Brahma,Undirected,2
Karna,Ramayadi,Undirected,1
Garuda,Kumbakarna,Undirected,1
Lesmana_Mandrakumara,Duryudana,Undirected,6
Ugrasena,NgembatLandeyan,Undirected,2
Durna,Barata,Undirected,1
Sadewa,Yudhistira,Undirected,4
Bismaka,Bagaspati,Undirected,1
Arjuna,Drestarastra,Undirected,1
Petruk,Basudewa,Undirected,3
Dewaki,Surtikanthi,Undirected,1
Dewasrani,Pulungsari,Undirected,2
Rara_Ireng,Rohini,Undirected,2
Bomanarakasura,Antareja,Undirected,1
Samba,Gareng,Undirected,5
Durna,Citrasena,Undirected,2
Bagong,Semar,Undirected,34
Gorawangsa,Jaya_Bajra,Undirected,2
Karna,Werkudara,Undirected,12
Lesmana_Murdaka,Puntadewa,Undirected,2
Samba,Semar,Undirected,7
Werkudara,Pulungsari,Undirected,2
Guru,Baladewa,Undirected,6
Kunti,Tambrapeta,Undirected,1
Antakawulan,Kartamarma,Undirected,1
Sengkuni,Nakula,Undirected,13
Gareng,Drupadi,Undirected,1
Durna,Dhandhonwacana,Undirected,1
Gareng,Puntadewa,Undirected,11
Petruk,Yudhistira,Undirected,1
Puntadewa,Arimbi,Undirected,4
Sengkuni,Bilung,Undirected,3
Bhisma,Drestarastra,Undirected,2
Asmarawati,Ratmuka,Undirected,3
Kumbakarna,Ranu,Undirected,2
Dhamdharat,Kartamarma,Undirected,2
Semar,Basudewa,Undirected,3
Werkudara,Sri,Undirected,3
Wulan_Drema,Indra,Undirected,2
Samba,Wulan_Drema,Undirected,2
Surtikanthi,Badrahini,Undirected,1
Gatotkaca,Samba,Undirected,8
Kartapiyoga,Baladewa,Undirected,2
Samba,Wulan_Dremi,Undirected,2
Petruk,Sadana,Undirected,2
Arimbi,Bendana,Undirected,4
Gendari,Drestarastra,Undirected,2
Wisnu,Abimanyu,Undirected,2
Antareja,Pulungsari,Undirected,1
Gareng,Madrim,Undirected,3
Karna,Bayu,Undirected,1
Soka,Pradapa,Undirected,3
Udawa,Nagagini,Undirected,1
Gendara,Basudewa,Undirected,1
Bismaka,Baladewa,Undirected,2
Semar,Togog,Undirected,3
Arjuna,Gendari,Undirected,1
Salya,Gendari,Undirected,1
Petruk,Yuda_Kala_Kresna,Undirected,1
Sadewa,Citrasena,Undirected,2
Bismaka,Madrim,Undirected,1
Salya,Gendara,Undirected,1
Wulan_Drema,Narada,Undirected,2
Arjuna,Nakula,Undirected,31
Gareng,Anoman,Undirected,10
Puntadewa,Nembur_Nawa,Undirected,1
Brajamusthi,Petruk,Undirected,1
Bagong,Yuda_Kala_Kresna,Undirected,1
Duryudana,Dhamdharat,Undirected,3
Banowati,Anoman,Undirected,8
Kunti,Pradapa,Undirected,1
Pujawati,Kuntiboja,Undirected,1
Yuda_Kala_Kresna,Kresna,Undirected,2
Rara_Ireng,Hagni,Undirected,1
Bismaka,Padmanaba,Undirected,1
Rukmara,Anoman,Undirected,1
Mandrakeswara,Petruk,Undirected,2
Gareng,Setyaki,Undirected,4
Nembur_Nawa,Kresna,Undirected,1
Durna,Wisanggeni,Undirected,2
Guru,Yuda_Kothi,Undirected,1
Arjuna,Erawati,Undirected,2
Karna,Wenang,Undirected,2
Gareng,Drestarastra,Undirected,1
Surya,Ramayadi,Undirected,1
Abiyasa,Bagong,Undirected,8
Setyaki,Arjuna,Undirected,4
Guru,Panyarikan,Undirected,4
Rara_Ireng,Ratmuka,Undirected,1
Yamadipati,Kresna,Undirected,1
Gareng,Destarastra,Undirected,1
Bomanarakasura,Petruk,Undirected,2
Sekipu,Pracona,Undirected,2
TunggulWulung,Baladewa,Undirected,1
Parasara,Kresna,Undirected,2
Bagong,Ugrasena,Undirected,3
Sadewa,Narada,Undirected,8
Durna,Bantala,Undirected,1
Bisawarna,Werkudara,Undirected,3
Panyarikan,Abiyasa,Undirected,1
Werkudara,Sekipu,Undirected,2
Wenang,Rama,Undirected,2
Indra,Kresna,Undirected,9
Sadewa,Arimbi,Undirected,4
Sengkuni,Ranu,Undirected,1
Dhadhungawuk,Duryudana,Undirected,1
Gareng,Gatotkaca,Undirected,18
Samba,Indra,Undirected,2
Indra,Surati_Mantra,Undirected,1
Semar,Narada,Undirected,10
Dewasrani,Kresna,Undirected,3
Bagong,Dhandhonwacana,Undirected,1
Gareng,Maerah,Undirected,2
Dhamdharat,Kresna,Undirected,3
Lesmana_Murdaka,Sengkuni,Undirected,1
TunggulWulung,Anoman,Undirected,2
Puntadewa,Kresna,Undirected,32
Wibisana,Garuda,Undirected,1
Bomanarakasura,Karna,Undirected,1
Lesmana_Murdaka,Sugriwa,Undirected,2
Rara_Ireng,Maerah,Undirected,2
Yamawidura,NgembatLandeyan,Undirected,1
Surya,Nakula,Undirected,1
Antaboga,Kresna,Undirected,5
Sadewa,Rukmara,Undirected,1
Duryudana,Antasena,Undirected,1
Durna,Dewa_Ruci,Undirected,1
Dhadhungawuk,Setyaki,Undirected,1
Surya,Werkudara,Undirected,1
Surtikanthi,Kartapiyoga,Undirected,2
Durna,Sengkuni,Undirected,29
Rara_Ireng,Bantala,Undirected,1
Badrahini,Basudewa,Undirected,5
Gareng,Saragupita,Undirected,2
Sugriwa,Kartamarma,Undirected,1
Gatotkaca,Indra,Undirected,4
Gorawangsa,Rara_Ireng,Undirected,1
Abiyasa,Kresna,Undirected,3
Bagong,Barata,Undirected,1
Mandrakeswara,Bagaspati,Undirected,1
Udawa,Banowati,Undirected,2
Samba,Kartamarma,Undirected,2
Lesmana_Mandrakumara,Sadana,Undirected,1
Rara_Ireng,Arjuna,Undirected,6
Salya,Pandu,Undirected,2
Karna,Garuda,Undirected,2
Lesmana_Murdaka,Abimanyu,Undirected,1
Kartapiyoga,Badrahini,Undirected,1
Kartamarma,Durga,Undirected,3
Dewasrani,Dersanala,Undirected,2
Durna,Ranu,Undirected,1
Wulan_Drema,Setyaki,Undirected,1
Semar,Abimanyu,Undirected,25
Gorawangsa,Bagong,Undirected,1
Arjuna,Abimanyu,Undirected,17
Gatotkaca,Wenang,Undirected,5
Wisanggeni,Kartamarma,Undirected,2
Arjuna,Antasena,Undirected,1
Karna,Druwasa,Undirected,2
Soka,Arjuna,Undirected,2
Setyaboma,Abimanyu,Undirected,1
Kumbakarna,Bantala,Undirected,2
Pancawala,Durna,Undirected,1
Banowati,Pradapa,Undirected,1
Abiyasa,Werkudara,Undirected,8
Wibisana,Nakula,Undirected,1
Padmanaba,Kresna,Undirected,2
Gareng,Nagaprasanta,Undirected,1
Badrahini,Nagaprasanta,Undirected,1
Gareng,Sadewa,Undirected,11
Angganjali,Kresna,Undirected,1
Guru,Rukmini,Undirected,3
Setyaki,Abimanyu,Undirected,4
Bagong,Parasara,Undirected,2
Rukmini,Udawa,Undirected,1
Werkudara,Pulunggana,Undirected,1
Antareja,Abimanyu,Undirected,11
Bagong,Nakula,Undirected,11
Werkudara,Pracona,Undirected,1
Bagong,Arimbi,Undirected,3
Bagaspati,Salya,Undirected,2
Semar,Setyaboma,Undirected,2
Brajadhenta,Abimanyu,Undirected,1
Sengkuni,Puntadewa,Undirected,14
Abiyasa,Indra,Undirected,2
Banowati,Baladewa,Undirected,3
Kurandhayaksa,Pragota,Undirected,1
Karna,Ranu,Undirected,1
Durna,Wenang,Undirected,3
Bisawarna,Petruk,Undirected,1
Abiyasa,Anoman,Undirected,2
Wulan_Drema,Kartamarma,Undirected,1
Maerah,Petruk,Undirected,2
Sengkuni,Ratmuka,Undirected,1
Guru,Erawati,Undirected,1
Rara_Ireng,Baladewa,Undirected,4
Bagong,Arjuna,Undirected,19
Antareja,Anoman,Undirected,5
Kresna,Rohini,Undirected,2
Bhisma,Bendana,Undirected,1
Kartamarma,Anoman,Undirected,5
Surabramadiraja,Antareja,Undirected,1
Arjuna,Ramayadi,Undirected,1
Ranu,Anoman,Undirected,1
Yamadipati,Nakula,Undirected,1
Bagong,Kartamarma,Undirected,5
Bilung,Togog,Undirected,4
Sengkuni,Gagak_Baka,Undirected,1
Gareng,Kuntiboja,Undirected,1
Werkudara,Durga,Undirected,6
Bagong,Yamadipati,Undirected,1
Karna,Lesmana_Murdaka,Undirected,1
Lesmana_Murdaka,Rama,Undirected,4
Surya,Angganjali,Undirected,1
Bilung,Baladewa,Undirected,1
Karna,Petruk,Undirected,8
Baladewa,Setyaki,Undirected,4
Bomanarakasura,Antaboga,Undirected,3
Saragupita,Semar,Undirected,2
Banowati,Indra,Undirected,3
Nakula,Gendari,Undirected,1
Bagong,Rara_Ireng,Undirected,4
Yuda_Kala_Kresna,Padmanaba,Undirected,1
Antakawulan,Wenang,Undirected,1
Guru,Kresna,Undirected,17
Gareng,Ugrasena,Undirected,3
Bismaka,Kunti,Undirected,1
Werkudara,Satrugna,Undirected,1
Nakula,Dhandhang,Undirected,2
Setyaki,Desamuka,Undirected,1
Banowati,TunggulWulung,Undirected,1
Udawa,Indra,Undirected,2
Kuntiboja,Madrim,Undirected,1
Wenang,Indra,Undirected,1
Arimbi,Nakula,Undirected,4
Soka,Semar,Undirected,2
Sadewa,Setyaki,Undirected,3
Erawati,Baladewa,Undirected,2
Ugrasena,Pujawati,Undirected,1
Sadewa,Lesmana_Murdaka,Undirected,1
Bagong,Drupadi,Undirected,1
Guru,Arimbi,Undirected,2
Puntadewa,Satrugna,Undirected,1
Sugriwa,Petruk,Undirected,1
Abiyasa,Dewa_Ruci,Undirected,1
Dhadhungawuk,Kresna,Undirected,1
Sadewa,Satrugna,Undirected,1
Panyarikan,Sadewa,Undirected,2
Semar,Wulan_Drema,Undirected,2
Kurandhayaksa,Ugrasena,Undirected,1
Wilawuk,Yudhistira,Undirected,2
Siti_Sendari,Werkudara,Undirected,2
Semar,Wulan_Dremi,Undirected,2
Suparta,Petruk,Undirected,1
Abiyasa,Gareng,Undirected,8
Abiyasa,Duryudana,Undirected,5
Wisanggeni,Wisnu,Undirected,1
Arjuna,Satrugna,Undirected,2
Bagong,Bismaka,Undirected,4
Gareng,Rukmara,Undirected,1
Drupadi,Narada,Undirected,1
Soka,Werkudara,Undirected,2
Mangsahpati,Asmarawati,Undirected,1
Karna,Madrim,Undirected,1
Jembawati,Wisanggeni,Undirected,2
Gareng,Bagong,Undirected,37
Dewaki,Arjuna,Undirected,1
Dewa_Ruci,Kresna,Undirected,1
Petruk,Satrugna,Undirected,1
Guru,Antaboga,Undirected,3
Sadewa,Asmarawati,Undirected,2
Jembawati,Wisnu,Undirected,1
Panyarikan,Durga,Undirected,1
Rukmara,Bismaka,Undirected,1
Indra,Rohini,Undirected,1
Jaya_Bajra,Petruk,Undirected,1
Arjuna,Pulunggana,Undirected,1
Durna,Kumbakarna,Undirected,1
Saragupita,Jaya_Bajra,Undirected,1
Bagong,Ratmuka,Undirected,1
Bagong,Lesmana_Mandrakumara,Undirected,1
Rukmini,Wenang,Undirected,1
Petruk,Setyaboma,Undirected,2
Pragota,Narada,Undirected,1
Parasara,Anoman,Undirected,1
Udawa,Antareja,Undirected,2
Bismaka,Anoman,Undirected,1
Lesmana_Mandrakumara,Nakula,Undirected,3
Bayu,Nakula,Undirected,2
Semar,Yudhistira,Undirected,2
Druwasa,Basudewa,Undirected,2
Arimbi,Anoman,Undirected,1
Arjuna,Togog,Undirected,1
Bilung,Sri,Undirected,2
Samba,Dersanala,Undirected,1
Kunti,Kresna,Undirected,4
Desamuka,Sadana,Undirected,1
Durna,Pulungsari,Undirected,2
Durna,Parasara,Undirected,2
Yuda_Kala_Kresna,Duryudana,Undirected,1
Gatotkaca,Nakula,Undirected,16
Abiyasa,Mangsahpati,Undirected,1
Guru,Setyaki,Undirected,3
Sengkuni,Semar,Undirected,15
Indra,Bayu,Undirected,2
Semar,Nagagini,Undirected,1
Asmarawati,Drestarastra,Undirected,1
Kamajaya,Gatotkaca,Undirected,1
Durga,Setyaboma,Undirected,1
Narada,Abimanyu,Undirected,6
Semar,Kartamarma,Undirected,7
Maruta,Narada,Undirected,1
Salya,Basudewa,Undirected,2
Dewaki,Badrahini,Undirected,5
Dhandhonwacana,Suparta,Undirected,2
Arjuna,Wenang,Undirected,7
Dhandhonwacana,Arjuna,Undirected,1
Antareja,Arjuna,Undirected,7
Banowati,Satrugna,Undirected,1
Dewasrani,Sadewa,Undirected,2
Samba,Duryudana,Undirected,4
Dewaki,Petruk,Undirected,2
Banowati,Wenang,Undirected,2
Maruta,Garuda,Undirected,1
Sadewa,Kunti,Undirected,7
Yudhistira,Indra,Undirected,1
Bagong,Salya,Undirected,5
Ugrasena,Bismaka,Undirected,6
Angganjali,Baladewa,Undirected,2
Sengkuni,Kanastren,Undirected,3
Asmarawati,Gendari,Undirected,1
Pracona,Kresna,Undirected,1
Citrarata,Tambrapeta,Undirected,2
Sadewa,Gatotkaca,Undirected,16
Bilung,Kresna,Undirected,1
Nakula,Dersanala,Undirected,1
Dewasrani,Werkudara,Undirected,3
Guru,Gareng,Undirected,8
Arjuna,Yuda_Kothi,Undirected,2
Mangsahpati,Semar,Undirected,2
Maerah,Jaya_Bajra,Undirected,1
Bomanarakasura,Lesmana_Mandrakumara,Undirected,1
Basudewa,Surati_Mantra,Undirected,2
Arjuna,Badrahini,Undirected,1
Sengkuni,Sadana,Undirected,2
Dewasrani,Kartamarma,Undirected,1
Petruk,Brahma,Undirected,1
Petruk,Duryudana,Undirected,11
Samba,Werkudara,Undirected,8
Sadewa,Yamadipati,Undirected,1
Puntadewa,Kamajaya,Undirected,1
Saragupita,Yuda_Kothi,Undirected,1
Sadewa,Dersanala,Undirected,1
Pragota,Erawati,Undirected,1
Sugriwa,Rama,Undirected,2
Pradapa,Wisanggeni,Undirected,1
Maruta,Hagni,Undirected,3
Sugriwa,Duryudana,Undirected,1
Rara_Ireng,Indra,Undirected,2
Antakawulan,Bagong,Undirected,2
Karna,Citrasena,Undirected,2
Karna,Salya,Undirected,1
Petruk,Pandu,Undirected,4
Puntadewa,Ranu,Undirected,1
Kartapiyoga,Erawati,Undirected,2
Yuda_Kothi,Petruk,Undirected,1
Baladewa,Surati_Mantra,Undirected,1
Sadewa,Bismaka,Undirected,2
Druwasa,Petruk,Undirected,1
Garuda,Dhandhang,Undirected,1
Antakawulan,Petruk,Undirected,2
Arimbi,Wenang,Undirected,2
Panyarikan,Arimbi,Undirected,1
TunggulWulung,Nagagini,Undirected,1
Wenang,Abimanyu,Undirected,1
Bomanarakasura,Narada,Undirected,1
Dhandhonwacana,Asmarawati,Undirected,1
Sri,Kresna,Undirected,3
Pulunggana,Kresna,Undirected,1
Petruk,Siti_Sendari,Undirected,1
Angganjali,Gatotkaca,Undirected,2
Arimbi,Baladewa,Undirected,3
Karna,Angganjali,Undirected,1
Guru,Padmanaba,Undirected,1
Wisanggeni,Puntadewa,Undirected,4
Kunti,Arjuna,Undirected,6
Durna,Surabramadiraja,Undirected,1
Petruk,Nakula,Undirected,13
Rara_Ireng,Garuda,Undirected,2
Kangsa,Petruk,Undirected,1
Dhadhungawuk,Abimanyu,Undirected,1
Petruk,Rama,Undirected,1
Semar,Sekipu,Undirected,1
Garuda,Ranu,Undirected,1
Duryudana,Togog,Undirected,2
Kunti,Werkudara,Undirected,6
Pragota,Kartapiyoga,Undirected,1
Ugrasena,Pragota,Undirected,1
Kunti,Gendara,Undirected,1
Puntadewa,Kumbakarna,Undirected,1
Ramayadi,Yudhistira,Undirected,1
Rukmara,Kresna,Undirected,2
Kumbakarna,Arjuna,Undirected,1
Bisawarna,Durna,Undirected,1
Bagong,Sekipu,Undirected,1
Citrasena,Kresna,Undirected,2
Dewa_Ruci,Sadewa,Undirected,1
Karna,Wibisana,Undirected,1
Pracona,Nakula,Undirected,1
Ugrasena,Kuntiboja,Undirected,2
Narada,Sadana,Undirected,2
Guru,Yudhistira,Undirected,1
Sugriwa,Werkudara,Undirected,1
Wulan_Dremi,Setyaki,Undirected,1
Citrarata,Werkudara,Undirected,2
Jembawati,Puntadewa,Undirected,1
Gatotkaca,Pracona,Undirected,2
Kencana_Wulan,Rara_Ireng,Undirected,1
Narada,Nagagini,Undirected,1
Banowati,Sengkuni,Undirected,12
Petruk,Kresna,Undirected,19
Dewaki,Kartapiyoga,Undirected,1
Antakawulan,Duryudana,Undirected,1
Sadewa,Garuda,Undirected,2
Gareng,Yuda_Kothi,Undirected,1
Kartamarma,Citrasena,Undirected,2
Durna,Pradapa,Undirected,1
Kunti,Kartamarma,Undirected,2
Mandrakeswara,Madrim,Undirected,2
Pujawati,Pandu,Undirected,1
Gagak_Baka,Wenang,Undirected,1
Sugriwa,Wenang,Undirected,1
Gareng,Lesmana_Murdaka,Undirected,1
Puntadewa,Gendari,Undirected,1
Gorawangsa,Basudewa,Undirected,2
Bomanarakasura,Banowati,Undirected,1
Dewaki,Yuda_Kothi,Undirected,1
Surati_Mantra,Bagong,Undirected,1
Desamuka,Abimanyu,Undirected,4
Gatotkaca,Bantala,Undirected,1
Pragota,Maerah,Undirected,1
Bisawarna,Baladewa,Undirected,1
Kumbakarna,Gatotkaca,Undirected,1
Indra,Brahma,Undirected,4
Antaboga,Nakula,Undirected,2
Bilung,Petruk,Undirected,3
Bomanarakasura,Desamuka,Undirected,5
Durna,Lesmana_Mandrakumara,Undirected,7
Semar,Arimbi,Undirected,3
Bayu,Asmarawati,Undirected,1
Salya,Indra,Undirected,1
Barata,Abimanyu,Undirected,1
Karna,Anoman,Undirected,9
Wulan_Drema,Arjuna,Undirected,2
Sri,Togog,Undirected,3
Ratmuka,Kresna,Undirected,2
Semar,Madrim,Undirected,3
Duryudana,Bantala,Undirected,1
Bilung,Brajamusthi,Undirected,2
Bagong,Wisnu,Undirected,2
Sengkuni,Siti_Sendari,Undirected,1
Erawati,Salya,Undirected,1
Duryudana,Gendari,Undirected,1
Gendari,NgembatLandeyan,Undirected,1
Maruta,Sengkuni,Undirected,1
Dewasrani,Rukmini,Undirected,1
Bisawarna,Narada,Undirected,1
Indra,Puntadewa,Undirected,6
Kunti,Madrim,Undirected,3
Kurandhayaksa,Guru,Undirected,1
Surtikanthi,Narada,Undirected,1
Kalika,Pradapa,Undirected,1
Maerah,Basudewa,Undirected,5
Dewasrani,Gatotkaca,Undirected,2
Maruta,Rara_Ireng,Undirected,1
Pulungsari,Nakula,Undirected,2
Guru,Basudewa,Undirected,1
Karna,Destarastra,Undirected,1
Banowati,Tambrapeta,Undirected,1
Werkudara,Nagagini,Undirected,2
Lesmana_Mandrakumara,Narada,Undirected,1
Bomanarakasura,Bagong,Undirected,1
Semar,Druwasa,Undirected,1
Durga,Ramayadi,Undirected,1
Brajadhenta,Gareng,Undirected,1
Togog,Kresna,Undirected,2
Arimbi,Drestarastra,Undirected,1
Gareng,Ramaparasu,Undirected,2
Kunti,Wisanggeni,Undirected,1
Sadewa,Padmanaba,Undirected,1
Sengkuni,Salya,Undirected,1
Werkudara,Kartamarma,Undirected,11
Dhandhonwacana,Puntadewa,Undirected,1
Hagni,Kartamarma,Undirected,1
Dewaki,Guru,Undirected,1
Suparta,Arjuna,Undirected,1
Jembawati,Antaboga,Undirected,1
Werkudara,Petruk,Undirected,20
Kanastren,Arjuna,Undirected,5
Dewasrani,Gareng,Undirected,2
Bagong,Bendana,Undirected,3
Druwasa,Gendari,Undirected,1
Semar,Dhamdharat,Undirected,1
Pulunggana,Duryudana,Undirected,1
Rara_Ireng,Semar,Undirected,5
Gatotkaca,Yamadipati,Undirected,2
Sadewa,Sri,Undirected,2
Sengkuni,Abimanyu,Undirected,10
Puntadewa,Dewa_Ruci,Undirected,1
Kencana_Wulan,Kresna,Undirected,2
Barata,Semar,Undirected,2
Arjuna,Bantala,Undirected,2
Karna,Kumbakarna,Undirected,1
Gareng,Panyarikan,Undirected,2
Mangsahpati,Puntadewa,Undirected,2
Nakula,Ratmuka,Undirected,1
Gareng,Banowati,Undirected,6
Kurandhayaksa,Salya,Undirected,1
Semar,Pulunggana,Undirected,2
Sadewa,Kanastren,Undirected,2
Ugrasena,Madrim,Undirected,1
Abiyasa,Bhisma,Undirected,1
Guru,Angganjali,Undirected,2
Kurandhayaksa,Petruk,Undirected,1
Kanastren,Abimanyu,Undirected,6
Karna,Hagni,Undirected,1
Barata,Arjuna,Undirected,3
Antaboga,Abimanyu,Undirected,4
Druwasa,Kuntiboja,Undirected,2
Nakula,Kresna,Undirected,29
Angganjali,Brahma,Undirected,1
Dewaki,Rohini,Undirected,2
Gagak_Baka,Anoman,Undirected,1
Setyaki,Indra,Undirected,2
Kresna,Duryudana,Undirected,17
Wulan_Dremi,Anoman,Undirected,1
Pujawati,Madrim,Undirected,1
Durga,Sekipu,Undirected,1
Bismaka,Kuntiboja,Undirected,2
Banowati,Ramaparasu,Undirected,1
Kartamarma,Abimanyu,Undirected,5
Nakula,Surabramadiraja,Undirected,1
Sadewa,Sengkuni,Undirected,13
Gendari,Wilawuk,Undirected,1
Semar,Yamadipati,Undirected,1
Nembur_Nawa,Duryudana,Undirected,1
Durna,Tambrapeta,Undirected,1
Sadewa,Wulan_Drema,Undirected,1
Karna,Sekipu,Undirected,1
Sadewa,Wulan_Dremi,Undirected,1
Antareja,Nagatatmala,Undirected,5
Duryudana,Yudhistira,Undirected,1
Samba,Durga,Undirected,1
Sadewa,Gendari,Undirected,1
Rukmini,Dersanala,Undirected,1
Wisanggeni,Baladewa,Undirected,1
Gareng,Rara_Ireng,Undirected,4
Barata,Sengkuni,Undirected,1
Bayu,Sadewa,Undirected,2
Wisanggeni,Pulunggana,Undirected,1
Maerah,Gorawangsa,Undirected,3
Nakula,Indra,Undirected,7
Lesmana_Murdaka,Wenang,Undirected,2
Gareng,Barata,Undirected,1
Angganjali,Narada,Undirected,2
Bomanarakasura,Werkudara,Undirected,3
Gatotkaca,Mangsahpati,Undirected,2
Panyarikan,Brahma,Undirected,1
Karna,Durga,Undirected,3
Antakawulan,Kanastren,Undirected,1
Semar,Dhandhang,Undirected,2
Petruk,Drestarastra,Undirected,1
Petruk,Wilawuk,Undirected,2
Gareng,Yuda_Kala_Kresna,Undirected,1
Wisanggeni,Setyaboma,Undirected,2
Rukmini,Duryudana,Undirected,2
Bisawarna,Bagong,Undirected,1
Sengkuni,Werkudara,Undirected,21
Pancawala,Puntadewa,Undirected,1
Dewasrani,Guru,Undirected,3
Kangsa,Ugrasena,Undirected,1
Antaboga,Wisnu,Undirected,1
Antakawulan,Anoman,Undirected,2
Nakula,Togog,Undirected,1
Soka,Sengkuni,Undirected,1
Sengkuni,Dhandhonwacana,Undirected,1
Gareng,Dhandhonwacana,Undirected,1
Guru,Banowati,Undirected,4
Petruk,Rohini,Undirected,1
Gatotkaca,Satrugna,Undirected,1
Druwasa,Pandu,Undirected,1
Bantala,Kresna,Undirected,1
Werkudara,Ranu,Undirected,1
Ugrasena,Rohini,Undirected,1
Ramaparasu,Nakula,Undirected,1
Sugriwa,Semar,Undirected,1
Guru,Nagatatmala,Undirected,1
Semar,Rukmara,Undirected,1
Gareng,Angganjali,Undirected,1
Bisawarna,Wibisana,Undirected,2
Samba,Wenang,Undirected,1
Duryudana,Nakula,Undirected,12
Sengkuni,Pandu,Undirected,2
Gareng,Wenang,Undirected,3
Panyarikan,Kresna,Undirected,2
Abiyasa,Salya,Undirected,1
Pujawati,Petruk,Undirected,2
Antareja,Werkudara,Undirected,9
Panyarikan,Gatotkaca,Undirected,1
Sengkuni,Kartamarma,Undirected,20
Bisawarna,Abimanyu,Undirected,1
Sengkuni,Wulan_Dremi,Undirected,1
Gareng,Nagatatmala,Undirected,1
TunggulWulung,Antareja,Undirected,1
Sengkuni,Wulan_Drema,Undirected,1
Destarastra,NgembatLandeyan,Undirected,1
Petruk,Puntadewa,Undirected,14
Citrarata,Kresna,Undirected,2
Ramayadi,Brahma,Undirected,1
Panyarikan,Bismaka,Undirected,1
Gatotkaca,Surabramadiraja,Undirected,2
Lesmana_Mandrakumara,Setyaki,Undirected,2
Parasara,Arjuna,Undirected,3
Kencana_Wulan,Arjuna,Undirected,2
Guru,Bagong,Undirected,8
Semar,Arjuna,Undirected,31
Gagak_Baka,Kresna,Undirected,1
Dewasrani,Indra,Undirected,2
Bilung,Bagong,Undirected,1
Bomanarakasura,Wisanggeni,Undirected,1
Baladewa,Lesmana_Mandrakumara,Undirected,1
Kanastren,Nakula,Undirected,2
Surya,Baladewa,Undirected,1
Karna,Kartamarma,Undirected,16
Gareng,Durna,Undirected,11
Maruta,Duryudana,Undirected,1
Dewasrani,Karna,Undirected,1
Rara_Ireng,Kumbakarna,Undirected,1
Drupadi,Puntadewa,Undirected,2
Puntadewa,Dhandhang,Undirected,2
Guru,Karna,Undirected,4
Sengkuni,Antasena,Undirected,1
Wenang,Nakula,Undirected,3
Soka,Tambrapeta,Undirected,3
Kartapiyoga,Maerah,Undirected,1
Bisawarna,Ranu,Undirected,2
Ugrasena,Druwasa,Undirected,1
Sengkuni,Dhadhungawuk,Undirected,1
Sengkuni,Wilawuk,Undirected,1
Bagong,Badrahini,Undirected,2
Anoman,Kresna,Undirected,23
Wisanggeni,Pulungsari,Undirected,1
Gareng,Wilawuk,Undirected,2
Wisnu,Parasara,Undirected,1
Sengkuni,Bhisma,Undirected,2
Surtikanthi,Ugrasena,Undirected,1
Kalika,Semar,Undirected,2
Dhamdharat,Ratmuka,Undirected,2
Gendari,Basudewa,Undirected,1
Arjuna,Sri,Undirected,3
Maerah,Yuda_Kothi,Undirected,1
Sengkuni,Drupadi,Undirected,1
Semar,Yamawidura,Undirected,1
Maerah,Nagaprasanta,Undirected,1
Nagagini,Anoman,Undirected,1
Suparta,Bhisma,Undirected,1
Nagatatmala,Kresna,Undirected,2
Yamawidura,Gendari,Undirected,1
Arjuna,Petruk,Undirected,20
Baladewa,Abimanyu,Undirected,8
Petruk,Salya,Undirected,5
Pulungsari,Narada,Undirected,3
Mandrakeswara,Destarastra,Undirected,1
Brajadhenta,Werkudara,Undirected,1
Puntadewa,Ratmuka,Undirected,1
Werkudara,Brahma,Undirected,2
Werkudara,Yudhistira,Undirected,4
Durga,Nakula,Undirected,4
Pancawala,Guru,Undirected,1
Sadewa,Wenang,Undirected,3
Durna,Petruk,Undirected,13
Dhandhang,Kresna,Undirected,4
Antaboga,Drupadi,Undirected,1
Kartamarma,Togog,Undirected,1
Antareja,Semar,Undirected,10
Arjuna,Wilawuk,Undirected,4
Werkudara,Wulan_Dremi,Undirected,2
Pulungsari,Indra,Undirected,3
Kuntiboja,Salya,Undirected,1
Gatotkaca,Pulungsari,Undirected,2
Bagong,Asmarawati,Undirected,2
Antakawulan,Gatotkaca,Undirected,2
Sadewa,Durga,Undirected,5
Rara_Ireng,Dhandhang,Undirected,2
Guru,Soka,Undirected,2
Angganjali,Bendana,Undirected,2
Bagong,Anoman,Undirected,10
Antakawulan,Banowati,Undirected,1
Sengkuni,Rama,Undirected,1
Bagong,Angganjali,Undirected,1
Kanastren,Rama,Undirected,2
Werkudara,Ratmuka,Undirected,1
Rama,Abimanyu,Undirected,1
Druwasa,Yamawidura,Undirected,1
Mangsahpati,Ratmuka,Undirected,1
Arjuna,Sekipu,Undirected,2
Bisawarna,Maruta,Undirected,2
Saragupita,Kartapiyoga,Undirected,1
Kamajaya,Dersanala,Undirected,2
Bomanarakasura,Gatotkaca,Undirected,6
Sadewa,Dhandhonwacana,Undirected,1
Ramayadi,Indra,Undirected,1
Werkudara,Indra,Undirected,8
Semar,Wenang,Undirected,3
Kencana_Wulan,Dhandhang,Undirected,3
Karna,Bilung,Undirected,2
Madrim,Gendari,Undirected,2
Sengkuni,Madrim,Undirected,1
Sengkuni,Parasara,Undirected,2
TunggulWulung,Werkudara,Undirected,2
Guru,Bendana,Undirected,3
Bomanarakasura,Sadana,Undirected,1
Kamajaya,Kresna,Undirected,2
Kunti,Petruk,Undirected,3
Arimbi,Antareja,Undirected,1
Setyaboma,Anoman,Undirected,1
Udawa,Wulan_Dremi,Undirected,1
Guru,Surtikanthi,Undirected,1
Samba,Bisawarna,Undirected,1
Udawa,Wulan_Drema,Undirected,1
Udawa,Setyaki,Undirected,2
Karna,Udawa,Undirected,1
Citrarata,Soka,Undirected,2
Hagni,Narada,Undirected,1
Surya,Gatotkaca,Undirected,1
Bagong,Padmanaba,Undirected,1
Sekipu,Ramayadi,Undirected,1
Guru,Rara_Ireng,Undirected,1
Baladewa,Salya,Undirected,2
Durna,Kanastren,Undirected,2
Gorawangsa,Baladewa,Undirected,1
Gareng,Mangsahpati,Undirected,2
Werkudara,Abimanyu,Undirected,21
Durna,Rama,Undirected,1
Duryudana,Citrasena,Undirected,2
Karna,Bagaspati,Undirected,1
Duryudana,Satrugna,Undirected,1
Abiyasa,Nagagini,Undirected,1
Kanastren,Sadana,Undirected,2
Kresna,Abimanyu,Undirected,18
Setyaki,Dersanala,Undirected,1
Bagaspati,Gendara,Undirected,1
Jaya_Bajra,Rohini,Undirected,1
Bagaspati,Gendari,Undirected,1
Durna,Kresna,Undirected,19
Gareng,Baladewa,Undirected,10
Karna,Surya,Undirected,2
Werkudara,Antasena,Undirected,3
Sadana,Togog,Undirected,2
Petruk,Abimanyu,Undirected,17
Basudewa,NgembatLandeyan,Undirected,1
Surya,Durga,Undirected,1
Indra,Abimanyu,Undirected,3
Arjuna,Wisanggeni,Undirected,4
Guru,Indra,Undirected,15
Garuda,Duryudana,Undirected,3
Garuda,Hagni,Undirected,1
Samba,Jembawati,Undirected,2
Durna,Arjuna,Undirected,19
Puntadewa,Kunti,Undirected,6
Durga,Citrasena,Undirected,1
Bagong,Pandu,Undirected,4
Banowati,Pulunggana,Undirected,1
Dewasrani,Setyaki,Undirected,1
Arjuna,Nagaprasanta,Undirected,2
Sadewa,Pulungsari,Undirected,2
Dhandhang,Ratmuka,Undirected,2
Wulan_Dremi,Nakula,Undirected,1
Pracona,Indra,Undirected,2
Kuntiboja,Yamawidura,Undirected,1
Bayu,Dhandhonwacana,Undirected,1
Nakula,Dewa_Ruci,Undirected,1
Puntadewa,Duryudana,Undirected,16
Sri,Puntadewa,Undirected,3
Pracona,Narada,Undirected,3
Gareng,Wisanggeni,Undirected,3
Rara_Ireng,Kartapiyoga,Undirected,1
Karna,Wulan_Dremi,Undirected,1
Banowati,Gatotkaca,Undirected,7
Yuda_Kala_Kresna,Narada,Undirected,3
Abimanyu,Durga,Undirected,3
Puntadewa,Padmanaba,Undirected,1
Karna,Wulan_Drema,Undirected,1
TunggulWulung,Puntadewa,Undirected,1
Soka,Duryudana,Undirected,1
Durga,Antareja,Undirected,1
Kumbakarna,Anoman,Undirected,1
Narada,Yudhistira,Undirected,2
Gareng,Mandrakeswara,Undirected,2
Pandu,Kresna,Undirected,2
Nakula,Bantala,Undirected,1
Bagong,NgembatLandeyan,Undirected,1
Kangsa,Bismaka,Undirected,2
Maerah,Pandu,Undirected,2
Bagong,Sengkuni,Undirected,12
Bagong,Mandrakeswara,Undirected,2
Karna,Ugrasena,Undirected,1
Semar,Durga,Undirected,7
Werkudara,Ramayadi,Undirected,1
Wisanggeni,Tambrapeta,Undirected,1
Pandu,NgembatLandeyan,Undirected,1
Gareng,Udawa,Undirected,2
Badrahini,Rohini,Undirected,2
Garuda,Bantala,Undirected,1
Nakula,Anoman,Undirected,8
Nakula,Setyaki,Undirected,3
Bismaka,Mandrakeswara,Undirected,1
Semar,Kresna,Undirected,24
Wulan_Drema,Kresna,Undirected,2
Rama,Kresna,Undirected,3
Lesmana_Murdaka,Petruk,Undirected,1
Nakula,Citrasena,Undirected,2
Guru,Udawa,Undirected,4
Wulan_Dremi,Indra,Undirected,2
Erawati,Petruk,Undirected,1
Kuntiboja,NgembatLandeyan,Undirected,1
Sadewa,Tambrapeta,Undirected,2
Gatotkaca,Durga,Undirected,6
Bomanarakasura,Sri,Undirected,1
Rukmini,Setyaboma,Undirected,4
Hagni,Arjuna,Undirected,2
Samba,Dhadhungawuk,Undirected,1
Pujawati,Gendari,Undirected,1
Durna,Bendana,Undirected,2
Pragota,Yuda_Kothi,Undirected,1
Panyarikan,Yudhistira,Undirected,1
Maruta,Kresna,Undirected,1
Kartamarma,Bayu,Undirected,1
Kunti,Wilawuk,Undirected,2
Gareng,Sri,Undirected,1
Arjuna,Basudewa,Undirected,1
Narada,Bantala,Undirected,1
Karna,Setyaki,Undirected,2
Karna,Gendari,Undirected,1
Semar,Surabramadiraja,Undirected,1
Arjuna,Brahma,Undirected,3
Kencana_Wulan,Kartamarma,Undirected,1
Karna,Gendara,Undirected,1
Bagong,Kanastren,Undirected,3
Sengkuni,Satrugna,Undirected,1
Dhandhonwacana,Bendana,Undirected,1
Yuda_Kothi,Badrahini,Undirected,1
Gareng,Sadana,Undirected,1
Yudhistira,Kresna,Undirected,2
Wulan_Drema,Abimanyu,Undirected,2
Guru,Nagaprasanta,Undirected,1
Satrugna,Kartamarma,Undirected,1
Gareng,Pulungsari,Undirected,1
Siti_Sendari,Arjuna,Undirected,2
Asmarawati,Kartamarma,Undirected,1
Garuda,Gatotkaca,Undirected,1
Angganjali,Sadewa,Undirected,1
Karna,Soka,Undirected,1
Rara_Ireng,Sadewa,Undirected,2
Sengkuni,Togog,Undirected,4
Wisanggeni,Bendana,Undirected,3
Durga,Pracona,Undirected,1
Maruta,Bantala,Undirected,3
Nagaprasanta,Basudewa,Undirected,1
Mandrakeswara,Druwasa,Undirected,1
Jembawati,Abimanyu,Undirected,1
Desamuka,Narada,Undirected,1
Durna,Gendari,Undirected,1
Gendari,Gendara,Undirected,2
Samba,Rukmini,Undirected,2
Samba,Arjuna,Undirected,6
Semar,Wisnu,Undirected,2
Surya,Bendana,Undirected,1
Pulunggana,Puntadewa,Undirected,1
Udawa,Bismaka,Undirected,1
Duryudana,Ratmuka,Undirected,1
Parasara,Banowati,Undirected,3
Samba,Puntadewa,Undirected,5
Sadewa,Rama,Undirected,1
Gorawangsa,Indra,Undirected,1
Parasara,Werkudara,Undirected,2
Setyaki,Kamajaya,Undirected,1
Semar,Lesmana_Mandrakumara,Undirected,3
Bagong,Indra,Undirected,7
Kumbakarna,Werkudara,Undirected,2
Brajadhenta,Kartamarma,Undirected,2
Samba,Abiyasa,Undirected,1
Baladewa,Sadana,Undirected,2
Sri,Petruk,Undirected,3
Sadewa,Nakula,Undirected,33
Barata,Baladewa,Undirected,2
Gareng,Badrahini,Undirected,2
Petruk,Dhandhang,Undirected,2
Anoman,Siti_Sendari,Undirected,1
Nakula,Satrugna,Undirected,1
Antakawulan,Abimanyu,Undirected,1
Wulan_Drema,Werkudara,Undirected,2
Guru,Kamajaya,Undirected,3
Werkudara,Drestarastra,Undirected,3
Kunti,Bhisma,Undirected,1
Wibisana,Hagni,Undirected,3
Abiyasa,Yamawidura,Undirected,2
Gorawangsa,Badrahini,Undirected,1
Arjuna,Bendana,Undirected,4
Werkudara,Nakula,Undirected,33
Wenang,Surabramadiraja,Undirected,2
Rara_Ireng,Gatotkaca,Undirected,2
Sekipu,Narada,Undirected,4
Dewasrani,Nakula,Undirected,2
Banowati,Sri,Undirected,1
Pancawala,Pradapa,Undirected,1
Kurandhayaksa,Badrahini,Undirected,1
Salya,Narada,Undirected,2
Dewaki,Baladewa,Undirected,3
Bismaka,Yamawidura,Undirected,1
Kurandhayaksa,Baladewa,Undirected,2
Wenang,Satrugna,Undirected,1
Yamawidura,Gendara,Undirected,1
Rukmini,Anoman,Undirected,2
Gareng,Kanastren,Undirected,3
Gatotkaca,Brajadhenta,Undirected,4
Kalika,Citrasena,Undirected,1
Bilung,Durga,Undirected,2
Sadewa,Drestarastra,Undirected,1
Ramaparasu,Duryudana,Undirected,1
Sengkuni,Kalika,Undirected,1
Brajadhenta,Durga,Undirected,2
Banowati,Sadana,Undirected,1
Bagong,Surya,Undirected,1
Sadewa,Petruk,Undirected,13
Sengkuni,Druwasa,Undirected,1
Rukmini,Setyaki,Undirected,2
Kurandhayaksa,Saragupita,Undirected,1
Bayu,Bhisma,Undirected,1
Kangsa,Baladewa,Undirected,1
Pancawala,Banowati,Undirected,1
Guru,Sadewa,Undirected,10
Dewaki,Gorawangsa,Undirected,1
Drupadi,Abimanyu,Undirected,1
Duryudana,Werkudara,Undirected,22
Gareng,Basudewa,Undirected,3
Gorawangsa,Rohini,Undirected,1
Gareng,Suparta,Undirected,1
Baladewa,Duryudana,Undirected,7
Arjuna,Yudhistira,Undirected,4
Pancawala,Kresna,Undirected,1
Antakawulan,Karna,Undirected,1
Kunti,Pandu,Undirected,3
Gagak_Baka,Duryudana,Undirected,1
Semar,Nagaprasanta,Undirected,1
Kuntiboja,Basudewa,Undirected,3
Surya,Sekipu,Undirected,1
Pragota,Indra,Undirected,1
Panyarikan,Sekipu,Undirected,2
Setyaboma,Nakula,Undirected,1
Banowati,Kunti,Undirected,2
Mangsahpati,Garuda,Undirected,1
Surtikanthi,Saragupita,Undirected,1
Gareng,Kamajaya,Undirected,2
Rara_Ireng,Sengkuni,Undirected,2
Gatotkaca,Pulunggana,Undirected,2
Mangsahpati,Banowati,Undirected,2
Sengkuni,Arimbi,Undirected,2
Jembawati,Arjuna,Undirected,1
Dewaki,Basudewa,Undirected,5
Pradapa,Duryudana,Undirected,1
Bagong,Werkudara,Undirected,18
Saragupita,Badrahini,Undirected,2
Suparta,Wilawuk,Undirected,1
Badrahini,Indra,Undirected,3
Puntadewa,Abiyasa,Undirected,5
Karna,Semar,Undirected,9
Baladewa,Rama,Undirected,2
Maruta,Wibisana,Undirected,3
Bagong,Gagak_Baka,Undirected,1
Wibisana,Banowati,Undirected,1
Ramaparasu,Kresna,Undirected,2
Kurandhayaksa,Maerah,Undirected,1
Wulan_Drema,Pulungsari,Undirected,2
Mangsahpati,Dhandhang,Undirected,2
Werkudara,Bhisma,Undirected,2
Guru,Salya,Undirected,1
Pandu,Jaya_Bajra,Undirected,1
Puntadewa,Hagni,Undirected,1
Puntadewa,Pradapa,Undirected,1
Durga,Dersanala,Undirected,3
Mangsahpati,Brajamusthi,Undirected,1
Karna,Barata,Undirected,1
Pancawala,Citrasena,Undirected,1
Wibisana,Narada,Undirected,1
Bismaka,Petruk,Undirected,4
Baladewa,Ramayadi,Undirected,2
Mangsahpati,Togog,Undirected,1
Durga,Pulunggana,Undirected,3
Dhamdharat,Dhandhang,Undirected,3
Rukmini,Rukmara,Undirected,2
Indra,Anoman,Undirected,3
Wibisana,Rara_Ireng,Undirected,1
Ugrasena,Arjuna,Undirected,1
Karna,Tambrapeta,Undirected,1
Rukmini,Petruk,Undirected,3
Indra,Jaya_Bajra,Undirected,1
Antareja,Antasena,Undirected,2
Lesmana_Murdaka,Kresna,Undirected,3
Kanastren,Werkudara,Undirected,2
Guru,TunggulWulung,Undirected,2
Antareja,Sri,Undirected,4
Dewaki,Semar,Undirected,2
Citrarata,Kalika,Undirected,1
Durna,Kencana_Wulan,Undirected,1
Sengkuni,Dhandhang,Undirected,1
Jaya_Bajra,Bismaka,Undirected,1
Puntadewa,Tambrapeta,Undirected,1
Togog,Abimanyu,Undirected,3
Antakawulan,Semar,Undirected,1
Sadewa,Wisanggeni,Undirected,4
Kencana_Wulan,Ratmuka,Undirected,2
Semar,Erawati,Undirected,1
Surya,Indra,Undirected,1
Werkudara,Setyaboma,Undirected,2
Ramaparasu,Anoman,Undirected,1
Bagaspati,Druwasa,Undirected,1
Wisanggeni,Werkudara,Undirected,6
Sekipu,Yudhistira,Undirected,2
Kurandhayaksa,Gareng,Undirected,1
Sengkuni,Wenang,Undirected,4
Druwasa,Destarastra,Undirected,1
Kunti,Bendana,Undirected,2
Antaboga,Petruk,Undirected,3
Wisnu,Narada,Undirected,1
Bendana,Asmarawati,Undirected,1
Kuntiboja,Destarastra,Undirected,1
Sugriwa,Satrugna,Undirected,1
Samba,Guru,Undirected,4
Jembawati,Semar,Undirected,2
Sengkuni,Bendana,Undirected,2
Arimbi,Pracona,Undirected,2
Angganjali,Nakula,Undirected,1
Jaya_Bajra,Ugrasena,Undirected,1
Kartamarma,Dhandhang,Undirected,1
Lesmana_Murdaka,Semar,Undirected,2
Guru,Pulunggana,Undirected,2
Parasara,Semar,Undirected,2
Barata,Wenang,Undirected,1
Abiyasa,Nembur_Nawa,Undirected,1
Bagong,Satrugna,Undirected,1
Guru,Desamuka,Undirected,1
Citrarata,Arjuna,Undirected,2
Bendana,Drestarastra,Undirected,1
Sadewa,Sekipu,Undirected,2
Gareng,Rukmini,Undirected,3
Setyaboma,Wenang,Undirected,1
Nagaprasanta,Indra,Undirected,1
Guru,Nagagini,Undirected,1
Saragupita,Pandu,Undirected,1
Pancawala,Duryudana,Undirected,1
Desamuka,Gatotkaca,Undirected,5
Rara_Ireng,Petruk,Undirected,4
Kumbakarna,Hagni,Undirected,2
Drupadi,Petruk,Undirected,1
Yamawidura,Basudewa,Undirected,1
Werkudara,Surabramadiraja,Undirected,3
Sri,Narada,Undirected,2
Gareng,Antaboga,Undirected,2
Setyaboma,Dersanala,Undirected,1
Bagong,Basudewa,Undirected,3
Werkudara,Dersanala,Undirected,2
Sadewa,Bhisma,Undirected,1
Gareng,Jaya_Bajra,Undirected,1
Abiyasa,Yudhistira,Undirected,2
Jembawati,Dersanala,Undirected,1
Mangsahpati,Nakula,Undirected,2
Semar,Pandu,Undirected,4
Banowati,Kalika,Undirected,1
Baladewa,Jaya_Bajra,Undirected,1
Samba,Banowati,Undirected,3
Semar,Siti_Sendari,Undirected,2
Sengkuni,Dhamdharat,Undirected,2
Bagong,Surtikanthi,Undirected,1
Wisnu,Durna,Undirected,1
Maerah,Rohini,Undirected,1
Baladewa,Wenang,Undirected,2
Gatotkaca,Nagatatmala,Undirected,1
Puntadewa,Pulungsari,Undirected,2
Pandu,Rohini,Undirected,2
Bagong,Yudhistira,Undirected,2
Baladewa,Bagong,Undirected,10
Yamawidura,Pandu,Undirected,2
Rara_Ireng,Kartamarma,Undirected,2
Pujawati,Basudewa,Undirected,1
Asmarawati,Dhandhang,Undirected,2
Puntadewa,Setyaki,Undirected,3
Suparta,Asmarawati,Undirected,1
Rukmara,Yuda_Kala_Kresna,Undirected,1
Rara_Ireng,Asmarawati,Undirected,1
Sadewa,Yuda_Kala_Kresna,Undirected,1
Kurandhayaksa,Bismaka,Undirected,1
Sengkuni,Brajamusthi,Undirected,2
Bagong,Brajamusthi,Undirected,1
Kurandhayaksa,Erawati,Undirected,2
Kalika,Kartamarma,Undirected,1
Bagong,Desamuka,Undirected,1
Surtikanthi,Erawati,Undirected,2
Arimbi,Ramayadi,Undirected,2
Pancawala,Karna,Undirected,1
Erawati,Narada,Undirected,1
Dewaki,Nagaprasanta,Undirected,1
Kalika,Duryudana,Undirected,1
Bagong,Bhisma,Undirected,1
Ramaparasu,Lesmana_Mandrakumara,Undirected,2
Antakawulan,Barata,Undirected,3
Dewa_Ruci,Duryudana,Undirected,1
Wulan_Drema,Nakula,Undirected,1
Antaboga,Wisanggeni,Undirected,3
Jembawati,Indra,Undirected,1
Pujawati,NgembatLandeyan,Undirected,1
Werkudara,Asmarawati,Undirected,2
Bagong,Druwasa,Undirected,1
Gareng,Sugriwa,Undirected,1
Gareng,Ratmuka,Undirected,1
Sengkuni,Kuntiboja,Undirected,1
Sadana,Puntadewa,Undirected,3
Gareng,TunggulWulung,Undirected,1
Kresna,Brahma,Undirected,2
Gareng,Brahma,Undirected,2
Karna,Arjuna,Undirected,14
Dhadhungawuk,Werkudara,Undirected,1
Werkudara,Padmanaba,Undirected,1
Dhadhungawuk,Arjuna,Undirected,2
Bomanarakasura,Bilung,Undirected,1
Bisawarna,Karna,Undirected,1
Arjuna,Pracona,Undirected,1
Petruk,NgembatLandeyan,Undirected,1
Antakawulan,Sengkuni,Undirected,1
Nagatatmala,Abimanyu,Undirected,1
Madrim,NgembatLandeyan,Undirected,1
Gatotkaca,Siti_Sendari,Undirected,2
Arjuna,Abiyasa,Undirected,6
Bagong,Bagaspati,Undirected,2
Druwasa,NgembatLandeyan,Undirected,1
Pancawala,Sadewa,Undirected,1
Maruta,Banowati,Undirected,1
Puntadewa,Kartamarma,Undirected,9
Petruk,Wisnu,Undirected,2
Kamajaya,Wenang,Undirected,2
Rara_Ireng,Dhamdharat,Undirected,1
Dhadhungawuk,Anoman,Undirected,2
Sadewa,Suparta,Undirected,1
Sengkuni,Yamawidura,Undirected,1
Sengkuni,Ramaparasu,Undirected,1
Arimbi,Antasena,Undirected,2
Pulunggana,Indra,Undirected,2
Rukmini,Wisnu,Undirected,1
Rara_Ireng,Erawati,Undirected,1
Pulungsari,Setyaki,Undirected,1
Nagatatmala,Anoman,Undirected,1
Narada,Setyaki,Undirected,3
Semar,NgembatLandeyan,Undirected,1
Dhandhonwacana,Semar,Undirected,1
Gareng,Brajamusthi,Undirected,1
Gorawangsa,Petruk,Undirected,1
Nagatatmala,Baladewa,Undirected,2
Kangsa,Saragupita,Undirected,1
Durga,Kalika,Undirected,2
Arimbi,Brahma,Undirected,1
Pulunggana,Narada,Undirected,2
Maruta,Gatotkaca,Undirected,1
Banowati,Puntadewa,Undirected,10
Bagong,Setyaki,Undirected,4
Saragupita,Baladewa,Undirected,2
Wenang,Anoman,Undirected,4
Bayu,Semar,Undirected,1
Rara_Ireng,Saragupita,Undirected,2
Bagong,Maerah,Undirected,2
Yamadipati,Sadana,Undirected,1
Jaya_Bajra,Kresna,Undirected,1
Bagong,Gatotkaca,Undirected,18
Sadewa,Duryudana,Undirected,12
Nakula,Sadana,Undirected,2
Sadewa,Kalika,Undirected,3
Kanastren,Yamadipati,Undirected,2
Wibisana,Duryudana,Undirected,1
Lesmana_Mandrakumara,Togog,Undirected,1
Erawati,Badrahini,Undirected,1
Banowati,Citrasena,Undirected,1
Bagong,Saragupita,Undirected,2
Ugrasena,Badrahini,Undirected,2
Kartamarma,Mangsahpati,Undirected,2
Duryudana,Sadana,Undirected,1
Antareja,Antaboga,Undirected,4
Karna,Bantala,Undirected,1
Gareng,Kencana_Wulan,Undirected,1
Jembawati,Wenang,Undirected,1
Semar,Bhisma,Undirected,1
Sugriwa,Puntadewa,Undirected,1
Sengkuni,Yudhistira,Undirected,1
Panyarikan,Narada,Undirected,4
Bagong,Kuntiboja,Undirected,1
Bismaka,Gendari,Undirected,1
Arimbi,Asmarawati,Undirected,1
Durna,Nakula,Undirected,15
Semar,Gendara,Undirected,1
Kanastren,Duryudana,Undirected,1
Semar,Gendari,Undirected,2
Sengkuni,Pulunggana,Undirected,1
Pragota,Basudewa,Undirected,1
Kartapiyoga,Narada,Undirected,1
Sadewa,Antareja,Undirected,6
Wenang,Kartamarma,Undirected,2
Hagni,Nakula,Undirected,1
Karna,Citrarata,Undirected,2
Brajadhenta,Petruk,Undirected,1
Rara_Ireng,Salya,Undirected,1
Karna,Pujawati,Undirected,1
Kamajaya,Indra,Undirected,2
Karna,Lesmana_Mandrakumara,Undirected,7
Gareng,NgembatLandeyan,Undirected,1
Guru,Parasara,Undirected,1
Kuntiboja,Gendari,Undirected,1
Gareng,Petruk,Undirected,35
Nakula,Drestarastra,Undirected,1
Petruk,Dhadhungawuk,Undirected,1
Wenang,Parasara,Undirected,1
Bayu,Petruk,Undirected,1
Kuntiboja,Gendara,Undirected,1
Parasara,Indra,Undirected,1
Puntadewa,Togog,Undirected,1
Desamuka,Duryudana,Undirected,1
Bismaka,Rohini,Undirected,1
Drupadi,Anoman,Undirected,1
Mandrakeswara,Gendari,Undirected,1
Sengkuni,Suparta,Undirected,1
Dhamdharat,Nakula,Undirected,3
Semar,Anoman,Undirected,10
Karna,Baladewa,Undirected,3
Guru,Jembawati,Undirected,2
Bendana,Pulunggana,Undirected,1
Karna,Kalika,Undirected,1
Pujawati,Salya,Undirected,2
Ramayadi,Kresna,Undirected,1
Bayu,Suparta,Undirected,1
Gorawangsa,Ugrasena,Undirected,1
Bilung,Semar,Undirected,2
Bilung,Anoman,Undirected,1
Parasara,Pulungsari,Undirected,1
Abiyasa,Drestarastra,Undirected,1
Yuda_Kothi,Narada,Undirected,1
Kamajaya,Wisanggeni,Undirected,2
Sugriwa,Kanastren,Undirected,1
Kunti,Salya,Undirected,3
Drupadi,Indra,Undirected,1
Semar,Destarastra,Undirected,1
Surya,Arjuna,Undirected,2
Bagong,Rama,Undirected,1
Arjuna,Rama,Undirected,3
Rukmini,Jembawati,Undirected,4
Durna,Bismaka,Undirected,2
Bisawarna,Banowati,Undirected,1
Desamuka,Wisanggeni,Undirected,1
Baladewa,Nagagini,Undirected,1
Banowati,Bantala,Undirected,1
Bendana,Sekipu,Undirected,1
Sadewa,Drupadi,Undirected,1
Baladewa,Kresna,Undirected,19
Wisanggeni,Gatotkaca,Undirected,5
Antareja,Kanastren,Undirected,2
Sri,Anoman,Undirected,2
Gareng,Pracona,Undirected,1
Ugrasena,Kunti,Undirected,1
Puntadewa,Wulan_Drema,Undirected,1
Panyarikan,Werkudara,Undirected,2
Karna,Arimbi,Undirected,1
Sengkuni,Citrasena,Undirected,3
Puntadewa,Wulan_Dremi,Undirected,1
Parasara,Abimanyu,Undirected,2
Bayu,Arjuna,Undirected,2
Wenang,Kresna,Undirected,7
Brajamusthi,Duryudana,Undirected,1
Samba,Antareja,Undirected,3
Arjuna,Yamadipati,Undirected,2
Abiyasa,Petruk,Undirected,8
Guru,Semar,Undirected,13
Kanastren,Baladewa,Undirected,2
Gatotkaca,Abimanyu,Undirected,31
Lesmana_Murdaka,Anoman,Undirected,3
Sengkuni,NgembatLandeyan,Undirected,1
Mangsahpati,Petruk,Undirected,2
Dewaki,Salya,Undirected,1
Kangsa,Semar,Undirected,1
Dewaki,Bagong,Undirected,2
Wisanggeni,Brahma,Undirected,2
Setyaki,Werkudara,Undirected,5
Durga,Baladewa,Undirected,1
Wisanggeni,Indra,Undirected,3
Bilung,Antaboga,Undirected,1
Dewasrani,Kamajaya,Undirected,2
Jaya_Bajra,Rara_Ireng,Undirected,1
Kangsa,Basudewa,Undirected,2
Gagak_Baka,Antareja,Undirected,1
Semar,Bagaspati,Undirected,2
Gareng,Kresna,Undirected,16
Pancawala,Nakula,Undirected,1
Wibisana,Arjuna,Undirected,2
Pandu,Badrahini,Undirected,2
Karna,Kunti,Undirected,4
Karna,Sugriwa,Undirected,1
Dhandhonwacana,Petruk,Undirected,1
Ramaparasu,Werkudara,Undirected,2
Gorawangsa,Semar,Undirected,1
Werkudara,Wilawuk,Undirected,3
Wisanggeni,Abimanyu,Undirected,3
Ugrasena,Pandu,Undirected,2
Surtikanthi,Baladewa,Undirected,2
Gatotkaca,Baladewa,Undirected,14
Rukmara,Padmanaba,Undirected,1
Narada,Padmanaba,Undirected,1
Gareng,Arjuna,Undirected,19
Indra,Dewa_Ruci,Undirected,1
Surtikanthi,Semar,Undirected,1
Erawati,Basudewa,Undirected,1
Bomanarakasura,Rukmini,Undirected,1
Antakawulan,Arjuna,Undirected,5
Gareng,Jembawati,Undirected,2
Udawa,Abimanyu,Undirected,2
Durna,Drupadi,Undirected,1
Abiyasa,NgembatLandeyan,Undirected,1
Wibisana,Anoman,Undirected,1
Arjuna,Anoman,Undirected,16
Kanastren,Anoman,Undirected,2
Satrugna,Kresna,Undirected,1
Angganjali,Sekipu,Undirected,1
Maruta,Werkudara,Undirected,1
Durna,Kalika,Undirected,1
Pragota,Arjuna,Undirected,1
Brajamusthi,Durga,Undirected,2
Togog,Anoman,Undirected,2
Nakula,Ramayadi,Undirected,1
Karna,Nakula,Undirected,9
Guru,Antareja,Undirected,4
Arjuna,Lesmana_Mandrakumara,Undirected,3
Semar,Rama,Undirected,2
Erawati,Indra,Undirected,1
Nembur_Nawa,Arjuna,Undirected,1
Samba,Udawa,Undirected,4
Asmarawati,Wilawuk,Undirected,3
Barata,Werkudara,Undirected,1
Petruk,Destarastra,Undirected,1
Bomanarakasura,Arjuna,Undirected,1
Gareng,Ramayadi,Undirected,1
Sengkuni,Sugriwa,Undirected,1
Narada,Anoman,Undirected,9
Pujawati,Druwasa,Undirected,1
Bagong,Pragota,Undirected,1
Narada,Setyaboma,Undirected,2
Kurandhayaksa,Dewaki,Undirected,1
Bagong,Gendara,Undirected,1
Baladewa,Siti_Sendari,Undirected,2
Sengkuni,Garuda,Undirected,3
Sengkuni,Surabramadiraja,Undirected,1
Samba,Wisnu,Undirected,1
Kumbakarna,Nakula,Undirected,1
Durga,Brahma,Undirected,4
Antareja,Nagagini,Undirected,3
Kurandhayaksa,Semar,Undirected,1
Abiyasa,Wilawuk,Undirected,2
Yuda_Kothi,Baladewa,Undirected,1
Puntadewa,Asmarawati,Undirected,2
Banowati,Barata,Undirected,1
Banowati,Pulungsari,Undirected,2
Wenang,Wisnu,Undirected,2
Bagong,Abimanyu,Undirected,15
Bagong,Garuda,Undirected,1
Arimbi,Sekipu,Undirected,1
Mangsahpati,Abimanyu,Undirected,1
Maruta,Sadewa,Undirected,1
Durna,Setyaki,Undirected,3
Banowati,Bilung,Undirected,2
Antareja,Wisanggeni,Undirected,2
Yamadipati,Puntadewa,Undirected,1
Kurandhayaksa,Indra,Undirected,1
Puntadewa,Brahma,Undirected,1
Durna,Wibisana,Undirected,1
Gareng,Dersanala,Undirected,1
Gareng,Pragota,Undirected,1
Destarastra,Gendara,Undirected,1
Wibisana,Werkudara,Undirected,1
Banowati,Nakula,Undirected,9
Nagatatmala,Narada,Undirected,1
Petruk,Baladewa,Undirected,12
Semar,Satrugna,Undirected,1
Arimbi,Narada,Undirected,2
Arimbi,Suparta,Undirected,1
Sadewa,Pradapa,Undirected,2
Kanastren,Kartamarma,Undirected,1
Petruk,Dhamdharat,Undirected,1
Kencana_Wulan,Sengkuni,Undirected,1
Abiyasa,Bendana,Undirected,2
Semar,Salya,Undirected,5
Bomanarakasura,Togog,Undirected,1
Antaboga,Togog,Undirected,1
Parasara,Bendana,Undirected,1
Antareja,Indra,Undirected,2
Maruta,Kartamarma,Undirected,1
Dhandhonwacana,Gendari,Undirected,1
Petruk,Badrahini,Undirected,2
Sengkuni,Duryudana,Undirected,27
Gareng,Parasara,Undirected,2
Sadewa,Kresna,Undirected,29
Gatotkaca,Antasena,Undirected,3
Bagong,Puntadewa,Undirected,11
Abiyasa,Padmanaba,Undirected,1
Bismaka,Kresna,Undirected,2
Pancawala,Arjuna,Undirected,1
Wisnu,Duryudana,Undirected,2
Sadewa,Indra,Undirected,7
Guru,Anoman,Undirected,7
Bagong,Kunti,Undirected,3
Puntadewa,Setyaboma,Undirected,1
Bismaka,Nakula,Undirected,2
Jaya_Bajra,Basudewa,Undirected,1
Mangsahpati,Rara_Ireng,Undirected,1
Salya,Destarastra,Undirected,1
Citrarata,Citrasena,Undirected,5
Dewaki,Ugrasena,Undirected,2
Semar,Bismaka,Undirected,4
Gareng,Siti_Sendari,Undirected,1
Hagni,Ranu,Undirected,3
Rukmini,Gatotkaca,Undirected,2
Sadewa,Ramaparasu,Undirected,1
Karna,Brahma,Undirected,1
Angganjali,Werkudara,Undirected,1
Bayu,Kresna,Undirected,1
Sugriwa,Baladewa,Undirected,1
Kurandhayaksa,Narada,Undirected,1
Nakula,Ranu,Undirected,1
Bhisma,Asmarawati,Undirected,1
Bisawarna,Arjuna,Undirected,2
Gendari,Pandu,Undirected,3
Gareng,Satrugna,Undirected,1
Desamuka,Antaboga,Undirected,3
Durna,Banowati,Undirected,14
Bagong,Pracona,Undirected,1
Panyarikan,Padmanaba,Undirected,1
Saragupita,Erawati,Undirected,1
Ugrasena,Nagaprasanta,Undirected,1
Gatotkaca,Sekipu,Undirected,2
Mandrakeswara,Gendara,Undirected,1
Kartapiyoga,Nagaprasanta,Undirected,1
Guru,Nakula,Undirected,9
Bagong,Ramaparasu,Undirected,2
Pragota,Nagaprasanta,Undirected,1
Asmarawati,Duryudana,Undirected,2
Barata,Anoman,Undirected,2
Abiyasa,Kartamarma,Undirected,2
Bilung,Puntadewa,Undirected,1
Bagong,Madrim,Undirected,3
Antakawulan,Gareng,Undirected,2
Rukmini,Puntadewa,Undirected,4
Udawa,Gatotkaca,Undirected,1
Karna,Bismaka,Undirected,1
Bendana,Kresna,Undirected,2
Arjuna,Maerah,Undirected,1
Abiyasa,Durga,Undirected,1
Bayu,Werkudara,Undirected,4
Kartamarma,Ratmuka,Undirected,1
Druwasa,Abiyasa,Undirected,1
Bagong,Kresna,Undirected,16
Kangsa,Gareng,Undirected,1
Samba,Baladewa,Undirected,7
Gareng,Antareja,Undirected,5
Desamuka,Arjuna,Undirected,1
Sadewa,Lesmana_Mandrakumara,Undirected,3
Ugrasena,Yuda_Kothi,Undirected,1
Bomanarakasura,Wisnu,Undirected,1
Pandu,Rara_Ireng,Undirected,2
Duryudana,Dhandhang,Undirected,1
Surtikanthi,Nagaprasanta,Undirected,1
Puntadewa,Wilawuk,Undirected,2
Dewaki,Saragupita,Undirected,2
Wulan_Dremi,Kartamarma,Undirected,1
Maruta,Karna,Undirected,1
Puntadewa,Antasena,Undirected,2
Karna,Yamawidura,Undirected,1
Bagong,Jembawati,Undirected,2
Bendana,Ramayadi,Undirected,2
Puntadewa,Ramaparasu,Undirected,1
Durna,Duryudana,Undirected,29
Dewasrani,Setyaboma,Undirected,1
Kamajaya,Petruk,Undirected,2
Tambrapeta,Duryudana,Undirected,1
Banowati,Dhamdharat,Undirected,1
Gatotkaca,Rama,Undirected,2
Dhandhonwacana,Kunti,Undirected,1
Semar,Suparta,Undirected,1
Sadewa,Citrarata,Undirected,2
Ugrasena,Kartapiyoga,Undirected,1
Sengkuni,Mangsahpati,Undirected,2
Garuda,Asmarawati,Undirected,1
Arjuna,Yuda_Kala_Kresna,Undirected,1
Sengkuni,Drestarastra,Undirected,2
Karna,Antaboga,Undirected,1
Wulan_Dremi,Duryudana,Undirected,1
Suparta,Drestarastra,Undirected,1
Sengkuni,Wisnu,Undirected,2
Gareng,Nagagini,Undirected,1
Durna,Yuda_Kala_Kresna,Undirected,1
Togog,Durga,Undirected,2
Saragupita,Nagaprasanta,Undirected,1
Arjuna,Gatotkaca,Undirected,24
Karna,Puntadewa,Undirected,8
Wisanggeni,Citrasena,Undirected,2
Sengkuni,Gatotkaca,Undirected,15
Brajadhenta,Duryudana,Undirected,2
Bagong,Wisanggeni,Undirected,3
Dewaki,Erawati,Undirected,1
Durna,Dhandhang,Undirected,1
Kunti,Yudhistira,Undirected,2
Gareng,Druwasa,Undirected,1
Wibisana,Gatotkaca,Undirected,1
Panyarikan,Pracona,Undirected,2
Semar,Garuda,Undirected,1
Semar,Maerah,Undirected,2
Durna,Yamadipati,Undirected,1
Nakula,Brahma,Undirected,2
Citrarata,Kunti,Undirected,1
Werkudara,Anoman,Undirected,20
TunggulWulung,Nagatatmala,Undirected,1
Surtikanthi,Pragota,Undirected,1
Hagni,Bantala,Undirected,3
Maruta,Durna,Undirected,1
Wisanggeni,Narada,Undirected,6
Brajamusthi,Semar,Undirected,1
Surya,Narada,Undirected,2
Wibisana,Kartamarma,Undirected,1
Arjuna,Puntadewa,Undirected,32
Panyarikan,Petruk,Undirected,1
Baladewa,Narada,Undirected,8
Maruta,Ranu,Undirected,3
Yamadipati,Anoman,Undirected,1
Gareng,Abimanyu,Undirected,15
Durna,Garuda,Undirected,2
Samba,Lesmana_Mandrakumara,Undirected,2
Sadewa,Werkudara,Undirected,33
Rukmini,Kamajaya,Undirected,1
Rukmini,Wisanggeni,Undirected,2
Drupadi,Werkudara,Undirected,1
Kanastren,Kresna,Undirected,3
Panyarikan,Arjuna,Undirected,2
Petruk,Asmarawati,Undirected,2
Kencana_Wulan,Semar,Undirected,1
Surtikanthi,Maerah,Undirected,1
Puntadewa,Lesmana_Mandrakumara,Undirected,3
Surya,Yudhistira,Undirected,1
Sadewa,Ranu,Undirected,1
Kartapiyoga,Basudewa,Undirected,1
Durna,Werkudara,Undirected,27
Dewaki,Kresna,Undirected,2
Ramaparasu,Abimanyu,Undirected,3
Bismaka,Nagaprasanta,Undirected,1
Bisawarna,Puntadewa,Undirected,1
Guru,Pracona,Undirected,3
Pracona,Brahma,Undirected,1
Bhisma,Yudhistira,Undirected,1
Bomanarakasura,Kresna,Undirected,4
Bismaka,Pujawati,Undirected,1
Kurandhayaksa,Yuda_Kothi,Undirected,1
Abiyasa,Togog,Undirected,1
Antareja,Kartamarma,Undirected,1
Antaboga,Baladewa,Undirected,2
Destarastra,Basudewa,Undirected,1
Durna,Rukmara,Undirected,2
Guru,Brahma,Undirected,5
Bagong,Drestarastra,Undirected,1
Hagni,Anoman,Undirected,1
Guru,Wulan_Dremi,Undirected,2
Gatotkaca,Dersanala,Undirected,1
Guru,Wulan_Drema,Undirected,2
Antareja,Gatotkaca,Undirected,13
Drestarastra,Wilawuk,Undirected,1
Sengkuni,Tambrapeta,Undirected,1
Sadewa,Sugriwa,Undirected,1
Sadewa,Barata,Undirected,1
Lesmana_Murdaka,Kartamarma,Undirected,1
Nakula,Kartamarma,Undirected,8
Jembawati,Durga,Undirected,1
Kalika,Werkudara,Undirected,2
Antareja,Narada,Undirected,4
Arimbi,Gatotkaca,Undirected,4
Bismaka,Basudewa,Undirected,8
Banowati,Togog,Undirected,2
Pujawati,Yamawidura,Undirected,1
Durna,Asmarawati,Undirected,2
Karna,Satrugna,Undirected,1
Mandrakeswara,Kunti,Undirected,1
Yuda_Kothi,Nagaprasanta,Undirected,2
Nakula,Abimanyu,Undirected,11
Panyarikan,Indra,Undirected,4
Guru,Yuda_Kala_Kresna,Undirected,2
Kartamarma,Nembur_Nawa,Undirected,1
Rukmini,Arjuna,Undirected,4
Samba,Sadewa,Undirected,4
Kunti,Indra,Undirected,1
Pujawati,Abiyasa,Undirected,1
Bisawarna,Siti_Sendari,Undirected,1
Petruk,Kuntiboja,Undirected,1
Bisawarna,Dhadhungawuk,Undirected,1
Anoman,Duryudana,Undirected,12
Mandrakeswara,Salya,Undirected,2
Panyarikan,Bendana,Undirected,1
Antakawulan,Rama,Undirected,2
Guru,Pragota,Undirected,1
Rukmara,Indra,Undirected,1
Yuda_Kothi,Indra,Undirected,1
Arjuna,Setyaboma,Undirected,1
Gagak_Baka,Antasena,Undirected,1
Baladewa,Surabramadiraja,Undirected,1
Semar,Pradapa,Undirected,2
Sengkuni,Gendara,Undirected,2
Kanastren,Drupadi,Undirected,1
Wenang,Wisanggeni,Undirected,2
Udawa,Lesmana_Mandrakumara,Undirected,1
Kencana_Wulan,Garuda,Undirected,1
Maruta,Nakula,Undirected,1
Madrim,Gendara,Undirected,1
Lesmana_Mandrakumara,Indra,Undirected,1
Garuda,Arjuna,Undirected,2
Desamuka,Sri,Undirected,1
Bendana,Duryudana,Undirected,2
Kurandhayaksa,Nagaprasanta,Undirected,1
Baladewa,Indra,Undirected,4
Maerah,Indra,Undirected,3
Suparta,Werkudara,Undirected,2
Kanastren,Puntadewa,Undirected,4
Petruk,Surabramadiraja,Undirected,1
Dewasrani,Petruk,Undirected,2
Setyaki,Wenang,Undirected,1
Mangsahpati,Durga,Undirected,1
Garuda,Kartamarma,Undirected,2
Kunti,Druwasa,Undirected,2
Banowati,Duryudana,Undirected,24
Kencana_Wulan,Dhamdharat,Undirected,2
Pragota,Semar,Undirected,1
Kartapiyoga,Yuda_Kothi,Undirected,1
Rama,Nakula,Undirected,1
Gareng,Erawati,Undirected,1
Ugrasena,Saragupita,Undirected,5
Brajadhenta,Abiyasa,Undirected,1
Durga,Puntadewa,Undirected,3
Bagong,Setyaboma,Undirected,2
Mandrakeswara,Yamawidura,Undirected,1
Semar,Kamajaya,Undirected,1
Brajadhenta,Banowati,Undirected,2
Semar,Ratmuka,Undirected,1
Jembawati,Setyaboma,Undirected,4
Puntadewa,Drestarastra,Undirected,1
Bisawarna,Kresna,Undirected,2
Sadewa,Pracona,Undirected,1
Arjuna,Salya,Undirected,2
Madrim,Pandu,Undirected,3
Lesmana_Murdaka,Kanastren,Undirected,2
Bagaspati,Basudewa,Undirected,1
Gatotkaca,Ranu,Undirected,1
Banowati,Ranu,Undirected,1
Sengkuni,Kunti,Undirected,4
Tambrapeta,Nakula,Undirected,2
Maerah,Kresna,Undirected,1
Bagong,Sadewa,Undirected,11
Soka,Wisanggeni,Undirected,1
TunggulWulung,Abimanyu,Undirected,2
Destarastra,Yamawidura,Undirected,2
Dewaki,Indra,Undirected,3
Druwasa,Madrim,Undirected,1
Duryudana,Rama,Undirected,1
Durna,Semar,Undirected,13
Bilung,Nakula,Undirected,1
Antaboga,Yamadipati,Undirected,1
Samba,Wisanggeni,Undirected,2
Barata,Nakula,Undirected,1
Udawa,Nagatatmala,Undirected,2
Wibisana,Puntadewa,Undirected,1
Gareng,Duryudana,Undirected,10
Semar,Wisanggeni,Undirected,5
Yuda_Kothi,Salya,Undirected,1
Bilung,Kartamarma,Undirected,1
Semar,Drupadi,Undirected,1
Sadewa,Brahma,Undirected,2
Puntadewa,Bantala,Undirected,1
Duryudana,Kartamarma,Undirected,20
Gatotkaca,Lesmana_Mandrakumara,Undirected,2
Panyarikan,Rukmara,Undirected,1
Sengkuni,Destarastra,Undirected,1
Kunti,Basudewa,Undirected,2
Gatotkaca,Sadana,Undirected,4
Brajadhenta,Sengkuni,Undirected,4
Angganjali,Ramayadi,Undirected,2
Durna,Sadana,Undirected,2
Surabramadiraja,Kresna,Undirected,2
Dewasrani,Abimanyu,Undirected,1
Desamuka,Petruk,Undirected,2
Dewaki,Gareng,Undirected,2
Durna,Baladewa,Undirected,5
Kunti,Suparta,Undirected,1
Setyaki,Kartamarma,Undirected,2
Durna,Dhamdharat,Undirected,2
Udawa,Kresna,Undirected,6
Bismaka,Badrahini,Undirected,2
Durna,Kartamarma,Undirected,20
Bilung,Lesmana_Mandrakumara,Undirected,1
Garuda,Anoman,Undirected,2
Narada,Brahma,Undirected,4
Sadana,Abimanyu,Undirected,5
Lesmana_Murdaka,Duryudana,Undirected,1
Bendana,Brahma,Undirected,1
Udawa,Sengkuni,Undirected,1
Jembawati,Sadewa,Undirected,1
Gatotkaca,Petruk,Undirected,20
Gareng,Setyaboma,Undirected,2
Kalika,Arjuna,Undirected,2
Puntadewa,Desamuka,Undirected,1
Yudhistira,Brahma,Undirected,1
Pandu,Gorawangsa,Undirected,2
Rara_Ireng,Kresna,Undirected,5
Antaboga,Anoman,Undirected,4
Barata,Duryudana,Undirected,1
Garuda,Kresna,Undirected,2
Karna,Sadana,Undirected,1
Bagong,Wenang,Undirected,3
Kangsa,Jaya_Bajra,Undirected,1
Bagong,Narada,Undirected,9
Sengkuni,Indra,Undirected,4
Setyaki,Setyaboma,Undirected,2
Duryudana,Padmanaba,Undirected,1
Surtikanthi,Salya,Undirected,1
Surati_Mantra,Kresna,Undirected,1
Duryudana,Surabramadiraja,Undirected,1
Antaboga,Lesmana_Mandrakumara,Undirected,1
Bendana,Indra,Undirected,2
Werkudara,Lesmana_Mandrakumara,Undirected,3
Rara_Ireng,Ranu,Undirected,1
Petruk,Padmanaba,Undirected,1
Satrugna,Abimanyu,Undirected,1
Pujawati,Semar,Undirected,2
Antakawulan,Sugriwa,Undirected,2
Nagagini,Kresna,Undirected,1
Mandrakeswara,NgembatLandeyan,Undirected,1
Bagong,Sugriwa,Undirected,1
Semar,Kartapiyoga,Undirected,1
Puntadewa,Garuda,Undirected,3
Drupadi,Gatotkaca,Undirected,1
Sadewa,Abimanyu,Undirected,11
Durna,Lesmana_Murdaka,Undirected,1
Bagong,Togog,Undirected,1
Rukmara,Werkudara,Undirected,2
Nembur_Nawa,Bayu,Undirected,1
Kangsa,Dewaki,Undirected,1
Soka,Kresna,Undirected,2
Kangsa,Badrahini,Undirected,1
Arjuna,Ratmuka,Undirected,3
Basudewa,Kresna,Undirected,2
Bisawarna,Bantala,Undirected,2
Bilung,Gareng,Undirected,1
Gareng,Werkudara,Undirected,18
Ugrasena,Sengkuni,Undirected,1
Bilung,Werkudara,Undirected,2
Surya,Arimbi,Undirected,1
Arimbi,Gagak_Baka,Undirected,2
Tambrapeta,Kartamarma,Undirected,1
Dewaki,Pragota,Undirected,1
Petruk,Bendana,Undirected,2
Pulunggana,Abimanyu,Undirected,2
Kresna,Antasena,Undirected,2
Sadewa,Abiyasa,Undirected,4
Wibisana,Sengkuni,Undirected,1
Narada,Kresna,Undirected,17
Panyarikan,Yuda_Kala_Kresna,Undirected,2
Dewaki,Surati_Mantra,Undirected,1
Guru,Ugrasena,Undirected,1
Samba,Brahma,Undirected,1
Kresna,Dersanala,Undirected,2
Samba,Pulungsari,Undirected,2
Semar,Indra,Undirected,9
Sengkuni,Abiyasa,Undirected,4
Parasara,Nakula,Undirected,1
Bagong,Nagatatmala,Undirected,1
Ramaparasu,Petruk,Undirected,2
Bagong,Bayu,Undirected,1
Gorawangsa,Bismaka,Undirected,3
Sadewa,Antaboga,Undirected,2
Bomanarakasura,Sadewa,Undirected,1
Durga,Pulungsari,Undirected,3
Bagong,Antasena,Undirected,1
Karna,Kresna,Undirected,12
Wenang,Narada,Undirected,2
Gareng,Pandu,Undirected,4
Bayu,Gendari,Undirected,1
Lesmana_Murdaka,Baladewa,Undirected,2
Arjuna,Gagak_Baka,Undirected,1
Garuda,Ratmuka,Undirected,1
Semar,Asmarawati,Undirected,2
Guru,Yamadipati,Undirected,1
Bismaka,Werkudara,Undirected,2
Gareng,Nakula,Undirected,11
Kalika,Wisanggeni,Undirected,1
Pragota,Badrahini,Undirected,1
Antaboga,Sri,Undirected,2
Bomanarakasura,Semar,Undirected,2
Banowati,Lesmana_Murdaka,Undirected,1
Durna,Bilung,Undirected,2
Sekipu,Nakula,Undirected,2
Arjuna,Werkudara,Undirected,48
Hagni,Werkudara,Undirected,1
Semar,Ramayadi,Undirected,1
Narada,Indra,Undirected,14
Dewasrani,Puntadewa,Undirected,2
Semar,Padmanaba,Undirected,1
Kartapiyoga,Petruk,Undirected,1
Abimanyu,Duryudana,Undirected,8
Brajadhenta,Bilung,Undirected,2
Dhandhonwacana,Drestarastra,Undirected,1
Narada,Kartamarma,Undirected,3
Lesmana_Murdaka,Gatotkaca,Undirected,2
Kumbakarna,Kresna,Undirected,2
Samba,TunggulWulung,Undirected,1
Maerah,Surati_Mantra,Undirected,2
Mandrakeswara,Semar,Undirected,2
Petruk,Nagaprasanta,Undirected,1
Udawa,Rukmara,Undirected,1
Kartamarma,Bantala,Undirected,1
Yuda_Kothi,Erawati,Undirected,1
