Source,Target,weight
Citrarata,Semar,2.0
SitiSendari,Werkudara,2.0
Gareng,KencanaWulan,1.0
Sadewa,Kartamarma,8.0
Banowati,Rama,1.0
Maerah,Baladewa,2.0
Madrim,Basudewa,1.0
Guru,Rukmara,1.0
Petruk,Setyaboma,2.0
Bagaspati,NgembatLandeyan,1.0
Nakula,Wilawuk,2.0
Samba,Petruk,6.0
Sadewa,Togog,1.0
Werkudara,Narada,11.0
Antaboga,Duryudana,1.0
RaraIreng,Ratmuka,1.0
Baladewa,Brahma,1.0
Baladewa,Sambuh,1.0
Gatotkaca,Anoman,14.0
Pradapa,Nakula,2.0
Parasara,Duryudana,1.0
Dewasrani,Durga,5.0
Antareja,Kresna,9.0
Barata,Kanastren,2.0
Bagong,TunggulWulung,1.0
Banowati,Sugriwa,1.0
Pancawala,Tambrapeta,1.0
Ugrasena,Semar,3.0
Baladewa,Abiyasa,1.0
Kurandhayaksa,YudaKothi,1.0
Drupadi,Nakula,1.0
Banowati,WulanDremi,1.0
Dewaki,YudaKothi,1.0
Mahadewa,Bendana,1.0
Sadewa,Wilawuk,2.0
Udawa,Duryudana,3.0
Jembawati,Brahma,1.0
Bomanarakasura,Samba,2.0
LesmanaMandrakumara,Puntadewa,3.0
Durna,Panyarikan,1.0
Iswara,Indra,1.0
Durga,Wenang,2.0
Karna,NemburNawa,1.0
Soka,Kunti,1.0
Gareng,Semar,33.0
Werkudara,Bhisma,2.0
Durna,Narada,6.0
Badrahini,Salya,1.0
Gatotkaca,Bisawarna,2.0
Bisawarna,Kartamarma,1.0
Bisawarna,Sadewa,1.0
Setyaki,Anoman,7.0
Dewaki,Pandu,2.0
Anoman,Bantala,1.0
Kunti,Destarastra,2.0
Kuntiboja,Salya,1.0
Ugrasena,Baladewa,2.0
Barata,Petruk,1.0
Guru,Kalika,2.0
Bagong,JayaBajra,1.0
Jembawati,Baladewa,1.0
Petruk,Setyaki,5.0
Mahadewa,Sekipu,1.0
NemburNawa,Kresna,1.0
Iswara,Wisnu,2.0
Udawa,TunggulWulung,1.0
Guru,Arjuna,13.0
Kunti,DewaRuci,1.0
Abiyasa,Nakula,4.0
Gareng,Antasena,1.0
SuratiMantra,Bismaka,2.0
Petruk,Gendari,2.0
Banowati,Wisanggeni,2.0
Saragupita,Basudewa,4.0
TunggulWulung,Abiyasa,1.0
Mandrakeswara,Pandu,1.0
Bismaka,Indra,3.0
Brajadhenta,Semar,1.0
Petruk,Nagagini,1.0
Soka,Durga,1.0
Drestarastra,Yudhistira,1.0
Sadewa,Bendana,4.0
Sadewa,Anoman,8.0
Sadewa,Dhandhang,2.0
Banowati,Kartamarma,10.0
Guru,Citrasena,2.0
Durna,Padmanaba,1.0
Karna,Pandu,1.0
Gatotkaca,Setyaboma,2.0
Ramaparasu,Gatotkaca,3.0
Soka,Citrasena,2.0
Wenang,Brahma,1.0
Nakula,Puntadewa,30.0
Hagni,Kresna,1.0
Arjuna,Dhamdharat,4.0
Sri,Yamadipati,1.0
Kurandhayaksa,Bagong,1.0
Semar,Badrahini,2.0
Bayu,Arimbi,2.0
Panyarikan,Baladewa,1.0
LesmanaMurdaka,Kartamarma,1.0
Maruta,Kumbakarna,2.0
YudaKothi,Surtikanthi,1.0
Sengkalawati,Anoman,1.0
Bendana,Abimanyu,2.0
Maheswara,Pracona,1.0
Jembawati,Petruk,2.0
Bomanarakasura,Jembawati,1.0
Gareng,Bismaka,4.0
YudaKothi,Gareng,1.0
Pancawala,Kartamarma,1.0
Erawati,Nagaprasanta,1.0
TunggulWulung,Petruk,1.0
Guru,Pradapa,2.0
Bagaspati,Madrim,1.0
Karna,Bagong,6.0
Saragupita,Salya,1.0
Pujawati,Gendara,1.0
Dewasrani,Narada,3.0
Bomanarakasura,Godhayitma,5.0
Banowati,Wibisana,1.0
Kunti,Kuntiboja,2.0
Bratajaya,Salya,1.0
Bagong,Mangsahpati,2.0
Sadewa,RaraIreng,2.0
Wenang,Antasena,2.0
Puntadewa,Bantala,1.0
Rukmini,Nakula,2.0
Sengkuni,Antareja,5.0
Pulungsari,Prasara,1.0
Dewasrani,Antareja,1.0
Kartapiyoga,Bismaka,1.0
Sadewa,GagakBaka,1.0
Werkudara,Dhandhang,2.0
LesmanaMandrakumara,Duryudana,6.0
Dewasrani,Sengkuni,1.0
Bagong,Banowati,6.0
Sengkalawati,Kartamarma,1.0
Werkudara,Bendana,4.0
Arjuna,Ranu,2.0
Dewasrani,Bendana,1.0
Wisnu,Banowati,1.0
Citrarata,Puntadewa,1.0
Gareng,Godhayitma,1.0
Gatotkaca,Setyaki,7.0
Setyaki,Ramaparasu,1.0
Gareng,Kangsa,1.0
Setyaboma,Resi,1.0
Karna,Rudra,1.0
Arjuna,Padmanaba,1.0
Bomanarakasura,Gareng,1.0
Udawa,FakeWerkudara,1.0
Kunti,Yamawidura,1.0
Durga,Indra,5.0
Pulungsari,Pulunggana,4.0
Kanastren,Indra,1.0
Ranu,Bantala,3.0
Abimanyu,Brajamusthi,1.0
Sengkuni,WulanDrema,1.0
Mandrakeswara,Abiyasa,1.0
Sengkuni,WulanDremi,1.0
Jembawati,Bagus,1.0
Sengkuni,Kumbakarna,1.0
Guru,Puntadewa,9.0
Pradapa,Wisanggeni,1.0
Bagong,Durga,4.0
Banowati,Asmarawati,1.0
Sekipu,Rudra,1.0
Pancawala,Soka,1.0
Bayu,Yudhistira,1.0
Setyaki,Durga,1.0
Werkudara,Bantala,1.0
Anoman,Abimanyu,10.0
Bilung,Arjuna,1.0
Sengkuni,Antaboga,2.0
Garuda,Petruk,1.0
Arjuna,Narada,16.0
Gareng,Iswara,1.0
Banowati,Narada,4.0
Karna,Pulunggana,1.0
Gatotkaca,Yudhistira,2.0
Saragupita,Bismaka,4.0
Anoman,Antasena,2.0
Semar,Tambrapeta,2.0
Bagong,Antaboga,2.0
Hagni,Gatotkaca,1.0
Ugrasena,Kangsa,1.0
Durna,LesmanaMurdaka,1.0
SuksmaLanggeng,Arjuna,2.0
Durna,FakeWerkudara,1.0
NemburNawa,Arjuna,1.0
Baladewa,Werkudara,13.0
Gatotkaca,SitiSendari,2.0
Destarastra,Madrim,2.0
Nakula,Rudra,1.0
Ramayadi,Rudra,1.0
Abiyasa,Banowati,3.0
Narada,Basudewa,2.0
Bagong,Prasara,2.0
Bismaka,Pandu,4.0
Tambrapeta,Kresna,2.0
Kamajaya,Narada,3.0
Bilung,Gatotkaca,3.0
Banowati,Werkudara,13.0
Kartamarma,Ranu,1.0
Baladewa,Nagaprasanta,1.0
Semar,Nakula,16.0
Guru,Abiyasa,2.0
Wisanggeni,Lion,1.0
Bagaspati,Destarastra,1.0
Pragota,Baladewa,1.0
Semar,Kunti,5.0
Wibisana,Kumbakarna,2.0
YudaKalaKresna,Rukmini,1.0
Karna,Sengkalawati,1.0
Asmarawati,Nakula,2.0
Jembawati,Indra,1.0
Karna,Sri,2.0
Gareng,Bayu,1.0
Bratajaya,Baladewa,2.0
Dhandhonwacana,Wilawuk,1.0
Pulunggana,Nakula,1.0
Durna,Antaboga,2.0
Rukmini,Wisnu,1.0
Guru,Panyarikan,4.0
Ugrasena,Petruk,3.0
FakeWerkudara,Werkudara,3.0
Bhisma,Nakula,1.0
Dewasrani,Bagong,2.0
Sekipu,Kresna,2.0
Duryudana,Antareja,5.0
Suparta,Bendana,1.0
DewaRuci,Kresna,1.0
Banowati,Hagni,1.0
Bomanarakasura,Puntadewa,1.0
Semar,Duryudana,13.0
Setyaboma,Brahma,1.0
Maruta,Arjuna,2.0
Brajadhenta,Brajamusthi,3.0
Bagong,Nagaprasanta,1.0
Mahadewa,Brahma,2.0
Sangkara,Maheswara,2.0
Pandu,JayaBajra,1.0
Guru,Kanastren,2.0
Rukmini,Werkudara,5.0
Bisawarna,Gareng,1.0
NemburNawa,Sadewa,1.0
Guru,Resi,2.0
Kuntiboja,Madrim,1.0
Sangkara,Narada,2.0
Drupadi,Sri,1.0
Semar,Kuntiboja,1.0
Dhandhonwacana,Bhisma,1.0
YudaKothi,Pragota,1.0
Durna,Mangsahpati,2.0
Ugrasena,Bratajaya,1.0
Abiyasa,Semar,8.0
Gatotkaca,Narada,10.0
Nakula,Narada,8.0
Kanastren,Antaboga,1.0
Saragupita,Arjuna,1.0
Bisawarna,Duryudana,2.0
Bagong,Erawati,1.0
Sengkalawati,Arjuna,1.0
Guru,Werkudara,14.0
Karna,Yudhistira,1.0
Surtikanthi,Bismaka,1.0
Maheswara,Indra,1.0
Durna,TunggulWulung,1.0
Guru,Sengkalawati,1.0
Rukmini,Abiyasa,1.0
Surya,Pracona,1.0
Guru,Wisanggeni,8.0
Antakawulan,Bagong,2.0
Guru,Setyaboma,2.0
YudaKothi,Kartapiyoga,1.0
Gareng,Surabramadiraja,1.0
Gareng,Padmanaba,1.0
Bratajaya,Indra,1.0
Samba,Bagong,5.0
Semar,Antasena,1.0
Bendana,Nakula,4.0
Kangsa,Kresna,1.0
Banowati,Abimanyu,7.0
Bilung,Mangsahpati,1.0
Citrarata,Kartamarma,2.0
Guru,Pulunggana,2.0
Angganjali,Durga,1.0
Wisnu,Sambuh,2.0
Karna,Panyarikan,1.0
SitiSendari,Semar,2.0
Asmarawati,Kartamarma,1.0
Semar,Puntadewa,17.0
Guru,Sekipu,3.0
Antaboga,Narada,4.0
Arjuna,Dersanala,3.0
Bagus,Dersanala,2.0
Gareng,Yamadipati,1.0
Bomanarakasura,Anoman,4.0
SuratiMantra,Saragupita,1.0
Udawa,Panyarikan,1.0
Puntadewa,Resi,1.0
Semar,Kanastren,5.0
Druwasa,Gendara,1.0
Jembawati,Nakula,1.0
Sengkuni,Arjuna,16.0
Mangsahpati,Sadewa,2.0
NemburNawa,Werkudara,2.0
Werkudara,Sambuh,1.0
Werkudara,Godhayitma,3.0
Antakawulan,Durna,1.0
Gareng,Garuda,1.0
Arjuna,WulanDremi,2.0
Gatotkaca,Kartamarma,6.0
Mangsahpati,Duryudana,2.0
Bilung,Antareja,1.0
Arjuna,WulanDrema,2.0
Indra,Rudra,1.0
Guru,Wisnu,2.0
Durna,KudaKalaKresna,1.0
Pancawala,Werkudara,1.0
Petruk,Wenang,3.0
SitiSendari,Anoman,1.0
Udawa,Petruk,2.0
Gareng,Surya,1.0
Samba,Kamajaya,1.0
Samba,Setyaboma,2.0
Duryudana,Durga,3.0
Pracona,Ramayadi,2.0
Maerah,Badrahini,4.0
Maerah,Salya,1.0
Guru,Badrahini,1.0
Sengkalawati,Sengkuni,1.0
Sengkuni,Bantala,1.0
Banowati,Kresna,11.0
Salya,Yamawidura,1.0
Guru,Kartapiyoga,1.0
Bomanarakasura,Setyaki,2.0
SuratiMantra,Basudewa,2.0
Pancawala,Kunti,1.0
Rukmini,Baladewa,1.0
Garuda,Dhamdharat,2.0
Mahadewa,Yudhistira,1.0
Petruk,Durga,3.0
Mandrakeswara,Sengkuni,1.0
Maheswara,Sambuh,2.0
Bismaka,Sengkuni,1.0
Surtikanthi,Guru,1.0
Kumbakarna,Duryudana,1.0
Jembawati,Godhayitma,1.0
Rukmini,Bagus,1.0
SitiSendari,Kresna,3.0
Guru,Sadana,2.0
Sengkuni,Godhayitma,1.0
Arjuna,Asmarawati,5.0
Pragota,Saragupita,2.0
Durna,Arimbi,2.0
Kunti,Abiyasa,4.0
Ugrasena,Mandrakeswara,1.0
Gareng,Brahma,2.0
Rukmara,Arjuna,2.0
Setyaki,Semar,5.0
Kurandhayaksa,Kartapiyoga,3.0
Surya,Sadewa,1.0
YudaKalaKresna,Panyarikan,1.0
Gareng,Asmarawati,2.0
Durna,Sri,2.0
Durna,Kunti,3.0
Sengkuni,Baladewa,7.0
GagakBaka,Petruk,1.0
Durna,Karna,19.0
Bhisma,Duryudana,1.0
Pujawati,Bagaspati,3.0
Sri,Abimanyu,4.0
Dhandhonwacana,Yudhistira,1.0
LesmanaMandrakumara,Semar,3.0
Baladewa,Semar,14.0
Sadana,Kresna,3.0
Bendana,Gendari,1.0
Bagong,Antareja,5.0
Sadewa,Surabramadiraja,1.0
RaraIreng,Gareng,3.0
Sengkuni,Anoman,12.0
Sadewa,Setyaboma,1.0
Gorawangsa,JayaBajra,2.0
SuratiMantra,Rohini,1.0
Gareng,Dhandhang,2.0
Durna,Indra,5.0
Saragupita,Indra,2.0
LesmanaMandrakumara,Sengkalawati,2.0
Petruk,Kartamarma,5.0
Guru,Drupadi,1.0
Baladewa,Arjuna,15.0
Ugrasena,Erawati,1.0
Saragupita,Maerah,2.0
Kartapiyoga,Indra,1.0
Bayu,Duryudana,2.0
Kunti,Werkudara,6.0
Gareng,FakeWerkudara,1.0
Ugrasena,JayaBajra,1.0
Bisawarna,Anoman,2.0
Wisnu,Kresna,4.0
Suparta,Gendari,1.0
Rama,Anoman,3.0
Guru,Ramayadi,2.0
YudaKothi,Ugrasena,1.0
Samba,Bagus,1.0
Gareng,Sengkuni,12.0
Durga,Kresna,5.0
Ranu,Kresna,1.0
Bismaka,Duryudana,1.0
Bagus,Nakula,1.0
Guru,Tambrapeta,2.0
Kresna,Brahma,2.0
LesmanaMurdaka,Baladewa,2.0
Abiyasa,Destarastra,2.0
Angganjali,Arjuna,1.0
Sri,Duryudana,1.0
Sangkara,Sekipu,1.0
Baladewa,Anoman,8.0
Ramayadi,Narada,2.0
Udawa,Kartamarma,1.0
Semar,Citrasena,2.0
Surya,Sambuh,1.0
Nakula,Yudhistira,4.0
Banowati,Brajamusthi,1.0
Prasara,Abimanyu,2.0
Karna,Antareja,3.0
Baladewa,Antareja,8.0
Dewaki,JayaBajra,1.0
Sri,Baladewa,2.0
Kalika,Tambrapeta,1.0
Arimbi,Gendari,1.0
Suparta,Duryudana,1.0
Durna,Pulunggana,1.0
Surya,Kresna,1.0
Karna,Angganjali,1.0
Setyaboma,Indra,1.0
Gatotkaca,Ramayadi,2.0
Surtikanthi,Basudewa,1.0
Pandu,Gendara,2.0
Rukmara,Narada,1.0
Werkudara,Puntadewa,35.0
Bismaka,Werkudara,2.0
Durna,Rukmini,2.0
Gareng,Rohini,1.0
Sadewa,Bantala,1.0
Guru,Duryudana,5.0
Karna,Ramaparasu,1.0
Samba,Wisnu,1.0
Durna,Yudhistira,1.0
Mahadewa,Arjuna,1.0
Gareng,Bagaspati,1.0
Duryudana,Wilawuk,1.0
Duryudana,Ranu,1.0
Bagong,Destarastra,1.0
Petruk,Togog,4.0
Guru,Dersanala,3.0
Druwasa,Salya,1.0
Kunti,Nakula,6.0
Karna,Togog,3.0
Karna,Wisanggeni,3.0
Guru,Rudra,1.0
Gareng,Sekipu,1.0
Antareja,Drupadi,1.0
Gareng,TunggulWulung,1.0
Bilung,Abimanyu,2.0
Rukmini,Panyarikan,1.0
Arimbi,Wilawuk,3.0
Angganjali,Semar,1.0
Pulungsari,Petruk,1.0
Puntadewa,Bhisma,1.0
Barata,Kartamarma,1.0
Gareng,Kartamarma,5.0
Semar,Pracona,1.0
Gendara,NgembatLandeyan,1.0
Samba,Nakula,4.0
Arjuna,Citrasena,2.0
Durna,Suparta,1.0
Bagong,Pujawati,2.0
Nakula,Brahma,2.0
Sengkuni,Kresna,16.0
Maerah,Kangsa,2.0
Nagatatmala,Duryudana,2.0
Bendana,Yudhistira,3.0
Wibisana,Kresna,1.0
Rukmini,Godhayitma,1.0
Semar,Resi,1.0
FakeWerkudara,Baladewa,1.0
Kartamarma,Kresna,10.0
Bagong,Petruk,36.0
Drupadi,Kresna,1.0
Garuda,Narada,1.0
Wisanggeni,Duryudana,2.0
Wisnu,Yudhistira,1.0
Wisnu,Pracona,1.0
Rukmini,Durga,1.0
Puntadewa,Dersanala,1.0
Samba,Karna,2.0
Sugriwa,Arjuna,1.0
Mandrakeswara,Basudewa,1.0
Kunti,Gendari,3.0
Bendana,Kartamarma,1.0
Bismaka,KudaKalaKresna,1.0
Semar,Nagatatmala,1.0
Karna,Lion,1.0
Iswara,Semar,1.0
Durna,Durga,3.0
Bismaka,Badrahini,2.0
Banowati,KencanaWulan,1.0
Guru,Sri,2.0
Dewasrani,Duryudana,1.0
Nakula,Arimbi,4.0
YudaKothi,Erawati,1.0
Sengkuni,Setyaki,3.0
Salya,Nagaprasanta,1.0
Ugrasena,Pragota,1.0
Sadana,Anoman,2.0
Gareng,Dhamdharat,1.0
SuratiMantra,Badrahini,1.0
Pandu,Indra,1.0
Sadana,Indra,1.0
Kartamarma,Brajamusthi,1.0
Guru,Sengkuni,4.0
Kurandhayaksa,Surtikanthi,2.0
Antakawulan,Puntadewa,2.0
Abiyasa,Asmarawati,1.0
Pragota,Petruk,1.0
Samba,Abimanyu,7.0
Antakawulan,Werkudara,2.0
Madrim,Yamawidura,1.0
Bagong,Rohini,1.0
Pradapa,Arjuna,2.0
Dewasrani,Semar,2.0
Sengkuni,Wisanggeni,2.0
Asmarawati,Dhamdharat,2.0
Panyarikan,Iswara,1.0
Rama,Kartamarma,1.0
Semar,Drestarastra,1.0
Banowati,Citrarata,1.0
Puntadewa,WulanDremi,1.0
Sengkuni,Bagaspati,1.0
Werkudara,Citrasena,2.0
Puntadewa,WulanDrema,1.0
Sengkuni,Pulungsari,1.0
Banowati,Dhandhang,1.0
Durna,Togog,2.0
Saragupita,Petruk,2.0
Dewaki,Maerah,4.0
Bagong,Suparta,1.0
Petruk,Gendara,1.0
Raksasa,Wisnu,1.0
Anoman,SuksmaLanggeng,2.0
Bismaka,Narada,3.0
Kamajaya,Arjuna,2.0
Sugriwa,Gatotkaca,1.0
Guru,Pulungsari,2.0
Bagong,Dhadhungawuk,1.0
Durga,Wisanggeni,5.0
RaraIreng,Petruk,3.0
Sangkara,Arimbi,1.0
Dewaki,Narada,1.0
SitiSendari,Abimanyu,2.0
Kurandhayaksa,Saragupita,1.0
Salya,NgembatLandeyan,1.0
Guru,Durna,6.0
Destarastra,Gendari,2.0
Baladewa,Satrugna,1.0
Kamajaya,Nakula,1.0
Baladewa,Setyaboma,1.0
Gatotkaca,Resi,1.0
Gareng,Kunti,3.0
Bagong,Kamajaya,1.0
Panyarikan,Ramayadi,1.0
Rukmini,Brahma,1.0
Durga,Lion,1.0
Angganjali,Indra,1.0
Gareng,Karna,6.0
Brajadhenta,Mangsahpati,1.0
Semar,Maheswara,1.0
Sengkuni,Durga,4.0
Dewasrani,Banowati,1.0
Puntadewa,NemburNawa,1.0
Durga,Kunti,3.0
Wisnu,Setyaboma,1.0
Udawa,Arjuna,2.0
Karna,Pulungsari,1.0
Satrugna,Anoman,1.0
Bagong,Kartapiyoga,1.0
Gareng,Indra,7.0
TunggulWulung,Narada,1.0
Maerah,JayaBajra,1.0
Banowati,Garuda,2.0
Durga,Yudhistira,1.0
Guru,Prasara,1.0
Bhisma,Gendari,1.0
Bomanarakasura,Nakula,1.0
Gatotkaca,Sri,3.0
Bomanarakasura,Durna,1.0
Sadewa,Kumbakarna,1.0
Maerah,Narada,1.0
Pulungsari,Kartamarma,1.0
Werkudara,Gendari,2.0
Wenang,Antareja,1.0
Panyarikan,Nakula,2.0
Petruk,Dhamdharat,1.0
Kunti,Bhisma,1.0
Setyaki,Antaboga,1.0
Arimbi,Kresna,3.0
Bhisma,Wilawuk,1.0
Antareja,Petruk,7.0
Petruk,Antasena,1.0
Karna,Parasara,1.0
Abiyasa,Bilung,1.0
Kunti,Asmarawati,1.0
LesmanaMandrakumara,Indra,1.0
Yamadipati,Kresna,1.0
Sangkara,Nakula,1.0
Bismaka,Destarastra,1.0
Kanastren,Narada,2.0
TunggulWulung,Kresna,2.0
Durna,Satrugna,1.0
Citrarata,Werkudara,2.0
LesmanaMurdaka,Duryudana,1.0
Rama,Satrugna,1.0
Ugrasena,Abiyasa,1.0
Petruk,Yamadipati,1.0
Soka,Kalika,1.0
Pandu,Baladewa,2.0
Destarastra,Pandu,3.0
Durga,Narada,5.0
Samba,Narada,4.0
Bomanarakasura,Guru,1.0
Maheswara,Brahma,2.0
Semar,Werkudara,26.0
Bayu,Puntadewa,2.0
Indra,Dersanala,2.0
Werkudara,Mangsahpati,3.0
Saragupita,Narada,2.0
Narada,RaraIreng,2.0
Antareja,Puntadewa,8.0
Ugrasena,Destarastra,1.0
Antakawulan,Sadewa,2.0
Karna,Indra,4.0
Wenang,Dersanala,2.0
Bomanarakasura,Sengkuni,1.0
Bisawarna,Setyaki,1.0
Nakula,GagakBaka,1.0
Setyaki,Wisanggeni,2.0
Rukmara,Duryudana,2.0
Pradapa,Werkudara,2.0
Bagong,Garuda,1.0
YudaKalaKresna,Guru,1.0
Durna,Antareja,6.0
Petruk,Narada,7.0
Puntadewa,FakeWerkudara,2.0
Sadewa,Asmarawati,2.0
Sadewa,Puntadewa,30.0
Pragota,Bismaka,1.0
Sadewa,Pulunggana,1.0
Udawa,Anoman,4.0
Bomanarakasura,LesmanaMandrakumara,1.0
Karna,Banowati,10.0
Rukmini,Antaboga,1.0
Gareng,Narada,8.0
Iswara,Kresna,1.0
Udawa,Sadewa,2.0
SitiSendari,Setyaki,1.0
Arjuna,Bhisma,1.0
Antareja,Pulunggana,1.0
Rukmini,Bagong,3.0
Bismaka,Gendara,1.0
LesmanaMandrakumara,Godhayitma,1.0
SuratiMantra,Gorawangsa,3.0
KudaKalaKresna,Kresna,2.0
Werkudara,Nagatatmala,2.0
Kunti,Drestarastra,1.0
YudaKalaKresna,KudaKalaKresna,3.0
Banowati,Sadewa,9.0
Nakula,Padmanaba,1.0
Petruk,Yamawidura,1.0
Kurandhayaksa,Badrahini,1.0
Mangsahpati,Kresna,2.0
Dhandhonwacana,Nakula,1.0
Karna,Bendana,3.0
Hagni,Duryudana,1.0
Pracona,Rudra,1.0
Durna,Soka,1.0
LesmanaMandrakumara,Narada,1.0
Baladewa,Togog,2.0
Durna,Nagagini,3.0
Petruk,Madrim,3.0
Kartamarma,SuksmaLanggeng,1.0
TunggulWulung,Gatotkaca,2.0
Sengkuni,Petruk,14.0
Ugrasena,Salya,2.0
Gatotkaca,Sambuh,1.0
Antaboga,Werkudara,4.0
Durna,Sugriwa,1.0
DewaRuci,Banowati,1.0
Brajadhenta,Durna,2.0
Bagong,KencanaWulan,1.0
Durna,Udawa,4.0
Banowati,Sengkalawati,1.0
Sekipu,Sambuh,1.0
Bisawarna,Nakula,1.0
Maheswara,Nakula,1.0
Sadewa,Antasena,1.0
Togog,Antareja,2.0
Wenang,Duryudana,3.0
Guru,KudaKalaKresna,2.0
Samba,Kresna,16.0
Brajadhenta,Togog,2.0
YudaKothi,Petruk,1.0
Guru,Lion,1.0
Puntadewa,Anoman,10.0
Bisawarna,SitiSendari,1.0
Abiyasa,Gendara,1.0
Surya,Semar,1.0
Kunti,Citrasena,1.0
Bagaspati,Abiyasa,1.0
Kangsa,JayaBajra,1.0
Sengkalawati,WulanDremi,1.0
Dhamdharat,RaraIreng,1.0
Kunti,Bagaspati,1.0
Kamajaya,Brahma,2.0
Sadewa,Bilung,1.0
Arjuna,Sadana,3.0
Sengkalawati,Abimanyu,1.0
Gareng,Durga,4.0
NemburNawa,Banowati,1.0
Sekipu,Nakula,2.0
Jembawati,Narada,2.0
Wisanggeni,Anoman,1.0
Sengkuni,Yamadipati,1.0
Karna,Mandrakeswara,1.0
Durna,Abimanyu,8.0
Arimbi,Sambuh,1.0
Sengkalawati,WulanDrema,2.0
Durna,Citrarata,2.0
Bagong,Gendara,1.0
Abiyasa,Gendari,2.0
Durga,Kamajaya,3.0
Bagong,Gendari,2.0
Bayu,Abiyasa,2.0
Surya,Wisnu,1.0
Guru,Petruk,7.0
Setyaki,Resi,1.0
Drupadi,Yamadipati,1.0
Angganjali,Yudhistira,1.0
Pragota,Salya,1.0
Durna,Nagatatmala,2.0
Petruk,Prasara,2.0
Durna,Brajamusthi,1.0
Durga,Sambuh,1.0
Puntadewa,Dhamdharat,5.0
Sugriwa,Kresna,1.0
Angganjali,Maheswara,1.0
Durga,Tambrapeta,1.0
Wibisana,RaraIreng,1.0
Bagong,Kangsa,1.0
Samba,Ramaparasu,1.0
Nagatatmala,Abiyasa,1.0
Sangkara,Yudhistira,1.0
Gareng,Togog,1.0
Durga,Arimbi,1.0
Petruk,Bhisma,1.0
Duryudana,Prasara,1.0
LesmanaMandrakumara,Ramaparasu,2.0
Bratajaya,Semar,2.0
Baladewa,Pracona,2.0
Bagong,Pulunggana,1.0
Ugrasena,Basudewa,6.0
Gareng,Bendana,3.0
Dewasrani,Wisanggeni,3.0
FakeWerkudara,Abiyasa,1.0
Angganjali,Ramayadi,2.0
Antakawulan,Baladewa,2.0
Rukmara,Abiyasa,1.0
Banowati,Bendana,1.0
Duryudana,Nagagini,2.0
Sambuh,Yudhistira,1.0
Antareja,Sadana,5.0
GagakBaka,Surabramadiraja,2.0
Raksasa,Parasara,2.0
Werkudara,WulanDremi,2.0
Citrarata,Duryudana,2.0
Bratajaya,Nagaprasanta,1.0
Bomanarakasura,Duryudana,1.0
Werkudara,WulanDrema,2.0
Panyarikan,Surya,1.0
Nagatatmala,Nagagini,3.0
FakeWerkudara,Narada,1.0
Ugrasena,Guru,1.0
Soka,Tambrapeta,3.0
Sengkalawati,Narada,1.0
Baladewa,Yudhistira,2.0
YudaKothi,Arjuna,2.0
Sadewa,WulanDremi,1.0
Bendana,Wilawuk,2.0
Sadewa,WulanDrema,1.0
Pujawati,Destarastra,1.0
Kuntiboja,Pandu,1.0
Bagong,Dhandhang,2.0
Bagus,Gatotkaca,1.0
Udawa,Nakula,2.0
Mangsahpati,KencanaWulan,1.0
Setyaki,Duryudana,3.0
Jembawati,Kresna,3.0
Gatotkaca,Abiyasa,3.0
Arjuna,Drupadi,1.0
Gareng,LesmanaMurdaka,1.0
Bagong,Brahma,2.0
Bismaka,Arjuna,3.0
Bayu,Drestarastra,1.0
Gareng,Gendari,2.0
YudaKalaKresna,Rukmara,1.0
Maerah,Erawati,1.0
Raksasa,Werkudara,1.0
Karna,Kuntiboja,2.0
Puntadewa,GagakBaka,1.0
Citrarata,Pradapa,2.0
Petruk,Pulunggana,1.0
Arjuna,Duryudana,15.0
Sengkalawati,Puntadewa,1.0
Baladewa,Antasena,2.0
Werkudara,Rama,1.0
Sengkuni,Pradapa,1.0
SitiSendari,Dhadhungawuk,1.0
YudaKothi,Bismaka,1.0
Arjuna,Rudra,1.0
Bismaka,Salya,2.0
Bagong,Ramayadi,1.0
Baladewa,Sekipu,2.0
DewaRuci,Werkudara,2.0
Dewaki,Ugrasena,2.0
LesmanaMandrakumara,Abimanyu,3.0
Sugriwa,Wenang,1.0
Pulungsari,Abimanyu,2.0
Nakula,RaraIreng,2.0
KudaKalaKresna,Anoman,2.0
Bayu,Bendana,1.0
Bagong,Bagus,2.0
Bisawarna,Kumbakarna,2.0
Werkudara,Wenang,6.0
Surya,Brahma,1.0
Pulungsari,Bendana,1.0
Bayu,Bhisma,1.0
LesmanaMandrakumara,Kresna,3.0
Bomanarakasura,Baladewa,3.0
Bagus,Indra,1.0
Panyarikan,Duryudana,1.0
Sadewa,Baladewa,7.0
Pancawala,Semar,1.0
Sadewa,Dhamdharat,3.0
Bagaspati,Yamawidura,1.0
Raksasa,Wenang,1.0
Antareja,Bendana,2.0
Semar,Sadana,5.0
Sadewa,Soka,2.0
Sri,Indra,1.0
Gorawangsa,Kresna,1.0
Guru,Gatotkaca,9.0
Indra,Padmanaba,1.0
Durna,Sadewa,15.0
Karna,Rama,1.0
Kurandhayaksa,Basudewa,1.0
Abiyasa,Brajamusthi,1.0
Sengkuni,Sri,2.0
Karna,Duryudana,19.0
Pancawala,Durga,1.0
Pracona,Yudhistira,1.0
Baladewa,Rohini,2.0
Sengkuni,Pujawati,1.0
Banowati,Soka,1.0
Bagong,Yamawidura,1.0
Ramaparasu,Arjuna,2.0
Baladewa,Nakula,7.0
Gareng,Salya,4.0
Bagong,Dersanala,1.0
Guru,Surya,1.0
GagakBaka,Wenang,1.0
Saragupita,Rohini,1.0
Kresna,SuksmaLanggeng,2.0
Sadewa,Ramayadi,1.0
Bismaka,Maerah,4.0
Baladewa,Dhadhungawuk,1.0
Guru,Maerah,1.0
Setyaki,Bagus,1.0
Samba,Resi,1.0
Wisnu,Anoman,3.0
Bagaspati,Petruk,2.0
Pradapa,Citrasena,2.0
Semar,LesmanaMurdaka,2.0
KencanaWulan,Semar,1.0
Gatotkaca,Wisnu,3.0
Sadewa,Arjuna,31.0
Bisawarna,Garuda,1.0
Dewasrani,Resi,2.0
Udawa,Padmanaba,2.0
Semar,Bagus,1.0
Semar,Brahma,3.0
Antaboga,Gatotkaca,4.0
Werkudara,Tambrapeta,2.0
Durna,RaraIreng,2.0
Karna,Abimanyu,6.0
Werkudara,Dhamdharat,3.0
Setyaboma,Kresna,3.0
Gareng,Udawa,2.0
Samba,Antaboga,1.0
Bagong,Duryudana,10.0
WulanDremi,Nakula,1.0
Rukmara,Petruk,1.0
Sambuh,Ramayadi,1.0
Badrahini,Narada,1.0
Sangkara,Karna,1.0
Puntadewa,Rukmara,2.0
Narada,Prasara,1.0
Baladewa,Duryudana,7.0
Semar,Ramaparasu,2.0
Ratmuka,Kresna,2.0
Wisnu,Werkudara,4.0
Bagong,Sri,1.0
Panyarikan,Angganjali,1.0
Gareng,Pujawati,1.0
Guru,Bagong,8.0
Kanastren,Satrugna,1.0
Karna,Sambuh,1.0
Durna,Hagni,1.0
Guru,Narada,23.0
Ugrasena,Bagaspati,1.0
Duryudana,Lion,1.0
Banowati,Lion,1.0
Antaboga,Puntadewa,2.0
Surtikanthi,Arjuna,2.0
Wisnu,SuksmaLanggeng,3.0
Arimbi,Abiyasa,2.0
Werkudara,Prasara,1.0
Maruta,Anoman,1.0
Kunti,NgembatLandeyan,1.0
RaraIreng,Baladewa,2.0
Guru,Wenang,2.0
Banowati,Bayu,1.0
Semar,Antaboga,3.0
Gatotkaca,Nagagini,1.0
Gareng,KudaKalaKresna,1.0
Petruk,SitiSendari,1.0
Panyarikan,Anoman,1.0
Puntadewa,Baladewa,7.0
LesmanaMandrakumara,Gareng,1.0
Gatotkaca,Kresna,29.0
Arjuna,Maheswara,1.0
Drupadi,Sadana,1.0
Bagaspati,Pandu,1.0
Arimbi,Indra,1.0
Angganjali,Arimbi,2.0
Puntadewa,Yudhistira,2.0
Semar,Wilawuk,2.0
Puntadewa,Rama,2.0
Gareng,Dhadhungawuk,1.0
Nagatatmala,Petruk,1.0
Gatotkaca,Duryudana,10.0
Angganjali,Sadewa,1.0
Salya,Madrim,3.0
Arjuna,Surabramadiraja,1.0
Udawa,Narada,3.0
Banowati,Nagagini,2.0
Kartapiyoga,Salya,1.0
Citrarata,Nakula,2.0
Raksasa,Duryudana,1.0
Bagus,Narada,2.0
Nagaprasanta,Narada,1.0
Sugriwa,Anoman,2.0
Abiyasa,Narada,2.0
Sengkalawati,Kresna,1.0
Surya,Sekipu,1.0
Samba,Setyaki,12.0
Durna,Bagong,11.0
Sambuh,Indra,1.0
Rukmini,Kresna,6.0
Yamadipati,Indra,1.0
Citrarata,Durga,1.0
Semar,FakeWerkudara,1.0
Gareng,Arimbi,3.0
Mandrakeswara,Kuntiboja,1.0
Ugrasena,Narada,2.0
Semar,Bendana,3.0
Arjuna,RaraIreng,4.0
Ramaparasu,Kartamarma,1.0
Pradapa,Kartamarma,1.0
WulanDrema,Anoman,1.0
Durna,Lion,1.0
Maheswara,Yudhistira,1.0
Surabramadiraja,Antasena,2.0
Antareja,Nakula,6.0
YudaKothi,Baladewa,1.0
Brajadhenta,Bagong,1.0
Karna,Kalika,1.0
Baladewa,Kartamarma,1.0
Narada,Ranu,1.0
LesmanaMandrakumara,Bagong,1.0
Banowati,Durga,3.0
Semar,GagakBaka,1.0
Udawa,Sengkalawati,1.0
Udawa,Semar,3.0
Angganjali,Sambuh,1.0
Samba,Dersanala,1.0
Kartapiyoga,Arjuna,2.0
Karna,NgembatLandeyan,1.0
Kamajaya,Werkudara,2.0
Udawa,Werkudara,4.0
Bendana,Prasara,1.0
Wisnu,Godhayitma,1.0
SuratiMantra,Indra,1.0
Rukmara,Nakula,1.0
Puntadewa,Citrasena,1.0
Bayu,Sengkuni,2.0
Yamadipati,Abimanyu,2.0
Iswara,Pracona,1.0
SitiSendari,Duryudana,1.0
Indra,JayaBajra,1.0
Samba,Dewasrani,1.0
Barata,Gatotkaca,1.0
Sengkuni,Samba,3.0
Bagong,Sadana,1.0
Antaboga,Arjuna,2.0
Saragupita,Kresna,1.0
Sadana,Godhayitma,1.0
Gareng,Yamawidura,1.0
Antaboga,Setyaboma,1.0
Narada,Dersanala,2.0
Arjuna,Kresna,43.0
Mandrakeswara,Pujawati,1.0
Gareng,Surtikanthi,1.0
Bismaka,Abiyasa,2.0
Sengkuni,Narada,4.0
Samba,Anoman,8.0
Sekipu,Indra,2.0
Rukmini,Gatotkaca,2.0
Bagong,Sambuh,1.0
Gareng,Bhisma,1.0
Indra,DewaRuci,1.0
Nagagini,Abimanyu,1.0
Wisnu,Arjuna,3.0
Durga,Bendana,2.0
Ugrasena,Gendari,1.0
Suparta,Nakula,1.0
Mangsahpati,Garuda,1.0
Arimbi,Yudhistira,3.0
Ugrasena,Maerah,2.0
Ugrasena,Gendara,1.0
Bagong,Pulungsari,1.0
Kurandhayaksa,Arjuna,2.0
Abiyasa,Madrim,1.0
Bagong,Nagagini,1.0
Bismaka,NgembatLandeyan,1.0
Bomanarakasura,Abimanyu,4.0
Kalika,Kresna,2.0
Prasara,Kartamarma,1.0
Sri,Sadana,5.0
Bilung,Duryudana,2.0
Ugrasena,Kresna,1.0
Semar,Sri,4.0
Kamajaya,Setyaboma,1.0
Udawa,Baladewa,2.0
Karna,Pracona,1.0
Sadewa,KudaKalaKresna,1.0
Mahadewa,Arimbi,1.0
Suparta,Yudhistira,1.0
Tambrapeta,Citrasena,2.0
Gareng,Gorawangsa,1.0
Dhandhonwacana,Abiyasa,1.0
Sadewa,Hagni,1.0
Banowati,Kumbakarna,1.0
Udawa,Abiyasa,2.0
Werkudara,Brajamusthi,1.0
Rukmini,Sadewa,2.0
Karna,Kanastren,2.0
Arimbi,Arjuna,5.0
Dewasrani,Jembawati,1.0
Gatotkaca,Togog,4.0
Gatotkaca,Bendana,4.0
LesmanaMandrakumara,WulanDrema,2.0
FakeWerkudara,Anoman,3.0
Kumbakarna,Narada,1.0
Guru,Kunti,2.0
Guru,Citrarata,2.0
Surtikanthi,Petruk,1.0
Jembawati,Resi,1.0
Barata,Satrugna,2.0
Pancawala,Citrarata,1.0
Karna,Sadewa,9.0
Wibisana,Ranu,3.0
Sadewa,Semar,16.0
KencanaWulan,Kartamarma,1.0
Rukmini,Padmanaba,1.0
Rukmini,Indra,2.0
Udawa,Puntadewa,3.0
Bratajaya,Bismaka,1.0
Banowati,Tambrapeta,1.0
Antaboga,Indra,1.0
Gareng,Yudhistira,2.0
Banowati,Petruk,7.0
Kunti,Arimbi,2.0
Gareng,Rama,1.0
Karna,Kresna,12.0
Karna,Pradapa,1.0
Mahadewa,Rudra,2.0
Kartamarma,Parasara,1.0
Dhadhungawuk,Semar,1.0
Banowati,Nagatatmala,1.0
Bisawarna,Hagni,2.0
Nagatatmala,Anoman,1.0
Kunti,Duryudana,3.0
Barata,Rama,3.0
Kanastren,Petruk,3.0
Nakula,DewaRuci,1.0
Dewasrani,Pulunggana,2.0
Durna,Antasena,1.0
Mangsahpati,RaraIreng,1.0
Puntadewa,Abimanyu,13.0
Durna,Bayu,2.0
Asmarawati,Kresna,2.0
Bagong,Panyarikan,2.0
JayaBajra,Rohini,1.0
Iswara,Arjuna,1.0
Semar,Gatotkaca,26.0
Baladewa,Wisnu,2.0
Kalika,Puntadewa,2.0
Bagong,Surabramadiraja,1.0
Basudewa,Rohini,2.0
Semar,Petruk,35.0
Bisawarna,Semar,1.0
Durga,Wisnu,1.0
Jembawati,Anoman,1.0
Bagus,Kresna,2.0
Pujawati,Kunti,1.0
Bismaka,Erawati,1.0
Durna,Puntadewa,18.0
Barata,Sugriwa,2.0
Sekipu,Brahma,2.0
Iswara,Bendana,1.0
Kalika,Nakula,2.0
TunggulWulung,Duryudana,1.0
Bagong,LesmanaMurdaka,1.0
Citrarata,Wisanggeni,2.0
Udawa,Bismaka,1.0
Dewaki,Bismaka,2.0
YudaKothi,Saragupita,1.0
Antaboga,Sadana,2.0
Arjuna,Prasara,1.0
Puntadewa,Tambrapeta,1.0
SuratiMantra,RaraIreng,1.0
Surabramadiraja,Anoman,1.0
Antareja,Prasara,1.0
Banowati,Prasara,1.0
Bayu,Kunti,2.0
Arjuna,Kartamarma,9.0
LesmanaMurdaka,Abimanyu,1.0
Antakawulan,Satrugna,2.0
Ugrasena,Yamawidura,1.0
Pradapa,Kresna,2.0
Durga,Maheswara,1.0
YudaKalaKresna,Durna,1.0
Bismaka,Druwasa,1.0
Durga,Arjuna,5.0
Jembawati,Werkudara,2.0
Banowati,Arjuna,11.0
Gareng,Wisnu,3.0
Arimbi,Suparta,1.0
Pancawala,Kalika,1.0
Wisanggeni,Petruk,3.0
RaraIreng,Bantala,1.0
Bomanarakasura,Setyaboma,1.0
Setyaki,Wisnu,1.0
Arimbi,Bhisma,1.0
Antakawulan,Nakula,2.0
Sugriwa,Nakula,1.0
Setyaki,Brahma,1.0
Werkudara,Sadana,3.0
Samba,Sengkalawati,2.0
Werkudara,Gatotkaca,29.0
Dewasrani,Durna,1.0
Durna,WulanDremi,1.0
Guru,Kartamarma,3.0
Sangkara,Gatotkaca,1.0
Mangsahpati,Dhamdharat,2.0
Sangkara,Guru,1.0
Wisnu,Karna,2.0
Saragupita,Kangsa,1.0
Petruk,Dersanala,1.0
Sangkara,Bagong,1.0
Antakawulan,LesmanaMurdaka,2.0
Semar,Sambuh,1.0
Panyarikan,Puntadewa,1.0
Raksasa,Sengkuni,1.0
Karna,Gatotkaca,8.0
Gatotkaca,Puntadewa,16.0
Arjuna,LesmanaMurdaka,3.0
Arimbi,Petruk,2.0
Guru,Abimanyu,7.0
Karna,Sengkuni,26.0
SuratiMantra,Maerah,2.0
Maheswara,Bagong,1.0
Indra,Basudewa,3.0
Rukmini,Narada,3.0
Dewasrani,Arjuna,3.0
Brajamusthi,Togog,2.0
Durna,Bhisma,2.0
Werkudara,Togog,2.0
LesmanaMurdaka,Satrugna,1.0
Pragota,Bratajaya,1.0
Abiyasa,Durna,6.0
Kamajaya,Petruk,1.0
LesmanaMandrakumara,Sadewa,3.0
Mangsahpati,Dhandhang,2.0
Arjuna,Dhandhang,4.0
Karna,Narada,6.0
Gatotkaca,LesmanaMurdaka,2.0
Gareng,Kartapiyoga,1.0
Surtikanthi,Indra,1.0
Mahadewa,Pracona,1.0
Kanastren,Wenang,1.0
Sri,Nakula,2.0
Durna,Gatotkaca,10.0
Puntadewa,Wenang,4.0
Dhandhonwacana,Werkudara,2.0
Bendana,Sambuh,1.0
YudaKothi,Basudewa,1.0
Sengkuni,Hagni,1.0
Garuda,Werkudara,2.0
DewaRuci,NemburNawa,2.0
Dewasrani,Wenang,2.0
Durna,Ramaparasu,1.0
Baladewa,Basudewa,3.0
Bagong,Dhamdharat,1.0
Pancawala,Sengkuni,1.0
Soka,Puntadewa,1.0
Banowati,Antareja,3.0
Bagaspati,Kuntiboja,1.0
Guru,Durga,9.0
Durna,Wilawuk,1.0
Arimbi,Surabramadiraja,4.0
Puntadewa,Suparta,1.0
Sadewa,Sadana,2.0
Banowati,Kanastren,1.0
Durna,Anoman,13.0
Pulungsari,Kresna,1.0
Karna,Prasara,1.0
Antakawulan,Kresna,3.0
Durga,Bagus,2.0
Semar,Suparta,1.0
Arimbi,Duryudana,2.0
Bilung,Sadana,1.0
Sengkuni,DewaRuci,1.0
Puntadewa,Lion,1.0
Duryudana,Narada,5.0
Brahma,Dersanala,3.0
Bagong,Rukmara,1.0
Guru,Bismaka,2.0
Sugriwa,Abimanyu,1.0
Sengkuni,SuksmaLanggeng,2.0
Sengkuni,LesmanaMurdaka,1.0
Abiyasa,Kuntiboja,1.0
Kartamarma,Indra,3.0
Godhayitma,Abimanyu,4.0
Abiyasa,Pandu,2.0
Antareja,Yamadipati,1.0
TunggulWulung,Semar,1.0
Maruta,Puntadewa,1.0
Gatotkaca,Maheswara,1.0
Karna,Abiyasa,2.0
Maheswara,Rudra,2.0
Ugrasena,Indra,2.0
Petruk,Godhayitma,2.0
Wibisana,Sadewa,1.0
Pulunggana,Kartamarma,1.0
Arimbi,Werkudara,7.0
Kanastren,Gatotkaca,5.0
Petruk,Indra,6.0
KudaKalaKresna,Padmanaba,1.0
Padmanaba,Anoman,1.0
Mangsahpati,Arjuna,2.0
Jembawati,Kamajaya,1.0
Banowati,FakeWerkudara,1.0
Karna,Basudewa,2.0
Barata,Puntadewa,2.0
Banowati,Setyaki,2.0
Wisnu,Indra,1.0
RaraIreng,JayaBajra,1.0
Semar,Pulungsari,2.0
Kumbakarna,Kartamarma,1.0
Rukmini,Semar,3.0
Sengkuni,Drestarastra,2.0
Gatotkaca,Dhadhungawuk,2.0
FakeWerkudara,Antareja,1.0
Puntadewa,Bismaka,2.0
Gatotkaca,Brajamusthi,3.0
Baladewa,Badrahini,3.0
Badrahini,Kresna,2.0
Bendana,Puntadewa,3.0
WulanDrema,Indra,2.0
Banowati,Antaboga,1.0
Kanastren,Sri,2.0
Jembawati,Gatotkaca,2.0
Sadewa,Godhayitma,1.0
YudaKalaKresna,Abiyasa,1.0
Jembawati,Setyaki,2.0
Nakula,Antasena,1.0
Petruk,Anoman,12.0
Banowati,Semar,9.0
Sengkuni,Bisawarna,2.0
Wibisana,Bantala,3.0
Suparta,Abiyasa,1.0
Barata,Kresna,2.0
Panyarikan,Maheswara,1.0
Karna,Ramayadi,1.0
Garuda,Kumbakarna,1.0
Ugrasena,NgembatLandeyan,2.0
Durna,Barata,1.0
Sadewa,Yudhistira,4.0
Bismaka,Bagaspati,1.0
Arjuna,Drestarastra,1.0
Petruk,Basudewa,3.0
Dewaki,Surtikanthi,1.0
Dewasrani,Pulungsari,2.0
SuratiMantra,Dewaki,1.0
Bomanarakasura,Antareja,1.0
Samba,Gareng,5.0
Durna,Citrasena,2.0
YudaKalaKresna,Semar,1.0
Bagong,Semar,34.0
Karna,Werkudara,12.0
Rukmini,Rukmara,2.0
Samba,Semar,7.0
Werkudara,Pulungsari,1.0
Guru,Baladewa,6.0
Kunti,Tambrapeta,1.0
Guru,Sambuh,1.0
Antakawulan,Kartamarma,1.0
Werkudara,Resi,2.0
Sengkuni,Nakula,13.0
Gareng,Drupadi,1.0
Durna,Dhandhonwacana,1.0
Gareng,Puntadewa,11.0
Petruk,Yudhistira,1.0
Indra,NemburNawa,1.0
Puntadewa,Arimbi,4.0
Sengkuni,Bilung,3.0
Bhisma,Drestarastra,2.0
Badrahini,JayaBajra,1.0
Arimbi,GagakBaka,2.0
Kartamarma,DewaRuci,1.0
Asmarawati,Ratmuka,3.0
Kumbakarna,Ranu,2.0
Dhamdharat,Kartamarma,2.0
Iswara,Sekipu,1.0
Samba,SitiSendari,1.0
Semar,Basudewa,3.0
Werkudara,Sri,3.0
Sengkuni,Wilawuk,1.0
Surtikanthi,Badrahini,1.0
Gatotkaca,Samba,8.0
Kartapiyoga,Baladewa,2.0
Durna,Wenang,3.0
Duryudana,Godhayitma,1.0
Petruk,Sadana,2.0
Arimbi,Bendana,4.0
Asmarawati,RaraIreng,1.0
Gendari,Drestarastra,2.0
Wisnu,Abimanyu,2.0
Antareja,Pulungsari,1.0
Gareng,Madrim,3.0
Bendana,Maheswara,1.0
Karna,Bayu,1.0
Soka,Pradapa,3.0
Udawa,Nagagini,1.0
Gendara,Basudewa,1.0
Dewaki,Arjuna,1.0
Rukmara,KudaKalaKresna,1.0
Semar,Togog,3.0
Arjuna,Gendari,1.0
Salya,Gendari,1.0
Bismaka,Madrim,1.0
Semar,Godhayitma,2.0
Durna,Drestarastra,2.0
Arjuna,Nakula,31.0
Gareng,Anoman,10.0
Brajamusthi,Petruk,1.0
Lion,Kresna,1.0
Duryudana,Dhamdharat,3.0
Banowati,Anoman,8.0
Sangkara,Arjuna,1.0
Gendari,Yudhistira,1.0
Kunti,Pradapa,1.0
Bagong,Rudra,1.0
Karna,Maheswara,1.0
Bismaka,Padmanaba,1.0
Bagong,Udawa,2.0
SuratiMantra,Bagong,1.0
Rukmara,Anoman,1.0
Mandrakeswara,Petruk,2.0
Gareng,Setyaki,4.0
Durna,Wisanggeni,2.0
Dewaki,Kartapiyoga,1.0
Arjuna,Erawati,2.0
FakeWerkudara,Nagagini,1.0
Sadewa,Wisnu,1.0
Narada,Resi,2.0
Karna,Wenang,2.0
Gareng,Drestarastra,1.0
Surya,Ramayadi,1.0
Abiyasa,Bagong,8.0
Setyaki,Arjuna,4.0
Guru,Maheswara,1.0
Gareng,Destarastra,1.0
Bomanarakasura,Petruk,2.0
Sekipu,Pracona,2.0
TunggulWulung,Baladewa,1.0
Parasara,Kresna,1.0
Bagong,Ugrasena,3.0
LesmanaMandrakumara,Karna,7.0
Sadewa,Narada,8.0
Durna,Bantala,1.0
YudaKalaKresna,Gareng,1.0
Karna,Iswara,1.0
Sadewa,Bagus,1.0
Bisawarna,Werkudara,3.0
Panyarikan,Abiyasa,1.0
Werkudara,Sekipu,2.0
Wenang,Rama,2.0
Mahadewa,Werkudara,1.0
Indra,Kresna,9.0
Karna,Godhayitma,1.0
Antaboga,Abimanyu,4.0
Sengkuni,Ranu,1.0
Dhadhungawuk,Duryudana,1.0
Gareng,Gatotkaca,18.0
Samba,Indra,2.0
Nakula,Godhayitma,1.0
Semar,Narada,10.0
Dewasrani,Kresna,3.0
Bagong,Dhandhonwacana,1.0
Gareng,Maerah,2.0
Dhamdharat,Kresna,3.0
TunggulWulung,Anoman,2.0
Puntadewa,Kresna,32.0
Wibisana,Garuda,1.0
Bomanarakasura,Karna,1.0
Sengkuni,Dhadhungawuk,1.0
Puntadewa,DewaRuci,1.0
Yamawidura,NgembatLandeyan,1.0
Pancawala,Wisanggeni,2.0
Surya,Nakula,1.0
Antaboga,Kresna,5.0
Sadewa,Rukmara,1.0
Duryudana,Antasena,1.0
Dhadhungawuk,Setyaki,1.0
Surya,Werkudara,1.0
Surtikanthi,Kartapiyoga,2.0
Durna,Sengkuni,29.0
Badrahini,Basudewa,5.0
Gareng,Saragupita,2.0
Sengkalawati,Setyaki,1.0
Gatotkaca,Indra,4.0
Abiyasa,Kresna,3.0
Bagong,Barata,1.0
Sangkara,Panyarikan,1.0
Mandrakeswara,Bagaspati,1.0
Udawa,Banowati,2.0
Samba,Kartamarma,2.0
Wisanggeni,Kresna,8.0
Salya,Pandu,2.0
Karna,Garuda,2.0
Iswara,Yudhistira,1.0
Sangkara,Pracona,1.0
Kartapiyoga,Badrahini,1.0
Kartamarma,Durga,3.0
Dewasrani,Dersanala,2.0
Durna,Ranu,1.0
Sangkara,Sambuh,2.0
Ugrasena,Arjuna,1.0
Surtikanthi,Bratajaya,1.0
Semar,Abimanyu,25.0
Gorawangsa,Bagong,1.0
Arjuna,Abimanyu,17.0
Gatotkaca,Wenang,5.0
Wisanggeni,Kartamarma,2.0
Arjuna,Antasena,1.0
Karna,Druwasa,2.0
Soka,Arjuna,2.0
SuratiMantra,Gareng,1.0
Wisanggeni,Narada,6.0
Kumbakarna,Bantala,2.0
RaraIreng,Bagong,3.0
Narada,Godhayitma,1.0
Banowati,Pradapa,1.0
Abiyasa,Werkudara,8.0
Wibisana,Nakula,1.0
Padmanaba,Kresna,2.0
Gareng,Maheswara,1.0
Gareng,Nagaprasanta,1.0
Badrahini,Nagaprasanta,1.0
Gareng,Sadewa,11.0
Angganjali,Kresna,1.0
Guru,Rukmini,3.0
Setyaki,Abimanyu,4.0
Rukmini,Udawa,1.0
Werkudara,Pulunggana,1.0
Antareja,Abimanyu,11.0
Bagong,Nakula,11.0
Bratajaya,Arjuna,2.0
Bagong,Arimbi,3.0
Bagaspati,Salya,2.0
Semar,Setyaboma,2.0
Samba,WulanDrema,2.0
Sengkuni,Puntadewa,14.0
Abiyasa,Indra,2.0
Samba,WulanDremi,2.0
Banowati,Baladewa,3.0
Kurandhayaksa,Pragota,1.0
Karna,Ranu,1.0
Nagatatmala,Narada,1.0
Bisawarna,Petruk,1.0
Abiyasa,Anoman,2.0
RaraIreng,Kresna,5.0
GagakBaka,Anoman,1.0
Maerah,Petruk,2.0
Dewasrani,Bagus,2.0
Guru,Erawati,1.0
Bagong,Arjuna,19.0
Antareja,Anoman,5.0
Kresna,Rohini,2.0
Bhisma,Bendana,1.0
Kartamarma,Anoman,5.0
DewaRuci,Bayu,1.0
Arjuna,Sambuh,1.0
Surabramadiraja,Antareja,1.0
Arjuna,Ramayadi,1.0
Sadewa,Kalika,3.0
Ranu,Anoman,1.0
Yamadipati,Nakula,1.0
Bagong,Kartamarma,5.0
Bilung,Togog,4.0
Raksasa,Karna,1.0
Gareng,Kuntiboja,1.0
Petruk,Lion,2.0
Werkudara,Durga,6.0
Bagong,Yamadipati,1.0
Karna,Pujawati,1.0
LesmanaMandrakumara,Bilung,1.0
Bilung,Baladewa,1.0
Karna,Petruk,8.0
Baladewa,Setyaki,4.0
Bomanarakasura,Antaboga,3.0
Saragupita,Semar,2.0
Banowati,Indra,3.0
Nakula,Gendari,1.0
Sangkara,Angganjali,1.0
Bagong,Godhayitma,1.0
Antakawulan,Wenang,1.0
Guru,Kresna,17.0
Gareng,Ugrasena,3.0
Bismaka,Kunti,1.0
Werkudara,Satrugna,1.0
Nakula,Dhandhang,2.0
Indra,Lion,1.0
Banowati,TunggulWulung,1.0
Udawa,Indra,2.0
Asmarawati,Yudhistira,1.0
Wenang,Indra,1.0
Soka,Semar,2.0
Sadewa,Setyaki,3.0
Durna,Ratmuka,1.0
Bagong,KudaKalaKresna,1.0
Erawati,Baladewa,2.0
Ugrasena,Pujawati,1.0
Bagong,Drupadi,1.0
Guru,Arimbi,2.0
Puntadewa,Satrugna,1.0
Sugriwa,Petruk,1.0
Dhadhungawuk,Kresna,1.0
Sadewa,Satrugna,1.0
Panyarikan,Sadewa,2.0
Kurandhayaksa,Ugrasena,1.0
Wilawuk,Yudhistira,2.0
Suparta,Petruk,1.0
Abiyasa,Gareng,8.0
Abiyasa,Duryudana,5.0
Wisanggeni,Wisnu,1.0
Sengkuni,Basudewa,1.0
Arjuna,Satrugna,2.0
Bagong,Bismaka,4.0
Sadewa,Ratmuka,1.0
Gareng,Rukmara,1.0
Dewaki,Bratajaya,1.0
Duryudana,Yudhistira,1.0
Mangsahpati,Asmarawati,1.0
YudaKothi,Semar,1.0
Guru,Mahadewa,1.0
Karna,Madrim,1.0
Jembawati,Wisanggeni,2.0
Gareng,Bagong,37.0
Bismaka,Baladewa,2.0
Petruk,Satrugna,1.0
Guru,Antaboga,3.0
LesmanaMandrakumara,Petruk,2.0
LesmanaMurdaka,Anoman,3.0
Rukmini,Resi,1.0
Kanastren,LesmanaMurdaka,2.0
Surya,Yudhistira,1.0
Kamajaya,Resi,2.0
Garuda,Nakula,2.0
Panyarikan,Durga,1.0
Rukmara,Bismaka,1.0
Indra,Rohini,1.0
Arjuna,Pulunggana,1.0
Durna,Kumbakarna,1.0
Werkudara,KudaKalaKresna,1.0
Bagong,Ratmuka,1.0
Sangkara,Rudra,2.0
Wisnu,Sekipu,1.0
Rukmini,Wenang,1.0
WulanDremi,Setyaki,1.0
Pragota,Narada,1.0
Kurandhayaksa,Bratajaya,1.0
Parasara,Anoman,1.0
Udawa,Antareja,2.0
Wenang,Wisnu,2.0
Bismaka,Anoman,1.0
Bayu,Nakula,2.0
Kartamarma,Lion,1.0
SuratiMantra,Pandu,2.0
Semar,Yudhistira,2.0
Druwasa,Basudewa,2.0
Arimbi,Anoman,1.0
Arjuna,Togog,1.0
Bilung,Sri,2.0
Sengkalawati,Duryudana,1.0
Durna,Sadana,2.0
Sambuh,Rudra,2.0
Durna,Pulungsari,1.0
Durna,Parasara,1.0
Werkudara,LesmanaMurdaka,1.0
Gatotkaca,Nakula,16.0
Abiyasa,Mangsahpati,1.0
Guru,Setyaki,3.0
Baladewa,SitiSendari,2.0
Petruk,Kangsa,1.0
WulanDremi,Narada,2.0
Soka,Nakula,2.0
Arimbi,Wisnu,1.0
Indra,Bayu,2.0
Semar,Nagagini,1.0
Asmarawati,Drestarastra,1.0
Semar,Prasara,2.0
Kamajaya,Gatotkaca,1.0
Durga,Setyaboma,1.0
WulanDrema,Kartamarma,1.0
Gareng,Gendara,1.0
Semar,Kartamarma,7.0
Wisnu,Rudra,2.0
Gatotkaca,Rudra,1.0
Maruta,Narada,1.0
Salya,Basudewa,2.0
Dewaki,Badrahini,5.0
Dhandhonwacana,Suparta,2.0
Arjuna,Wenang,7.0
Dhandhonwacana,Arjuna,1.0
Antareja,Arjuna,7.0
Banowati,Satrugna,1.0
Dewasrani,Sadewa,2.0
Bagus,Wisanggeni,2.0
Samba,Duryudana,4.0
Dewaki,Petruk,2.0
Sangkara,Gareng,1.0
Banowati,Wenang,2.0
Maruta,Garuda,1.0
Wisnu,Nakula,1.0
Sadewa,Kunti,7.0
Yudhistira,Indra,1.0
Bagong,Salya,5.0
Mahadewa,Maheswara,2.0
Ugrasena,Bismaka,6.0
Angganjali,Baladewa,2.0
Sengkuni,Kanastren,3.0
Asmarawati,Gendari,1.0
Gareng,SitiSendari,1.0
Resi,Kresna,2.0
Garuda,RaraIreng,2.0
Citrarata,Tambrapeta,2.0
Sadewa,Gatotkaca,16.0
Bilung,Kresna,1.0
Nakula,Dersanala,1.0
Dewasrani,Werkudara,3.0
Guru,Gareng,8.0
Mangsahpati,Semar,2.0
Arjuna,Badrahini,1.0
LesmanaMandrakumara,Arjuna,3.0
Sengkuni,Sadana,2.0
Dewasrani,Kartamarma,1.0
Bratajaya,Basudewa,1.0
Petruk,Brahma,1.0
KencanaWulan,Arjuna,2.0
Petruk,Duryudana,11.0
Samba,Werkudara,8.0
Sadewa,Yamadipati,1.0
Puntadewa,Kamajaya,1.0
Sadewa,Dersanala,1.0
Gorawangsa,Semar,1.0
Antareja,Lion,1.0
Pragota,Erawati,1.0
Sugriwa,Rama,2.0
Maruta,Hagni,3.0
Sugriwa,Duryudana,1.0
KencanaWulan,Dhamdharat,2.0
Samba,Durna,4.0
Karna,Citrasena,2.0
Karna,Salya,1.0
Petruk,Pandu,4.0
Puntadewa,Ranu,1.0
Kartapiyoga,Erawati,2.0
Wisanggeni,Dersanala,3.0
Gareng,Rukmini,3.0
Sadewa,Bismaka,2.0
Druwasa,Petruk,1.0
WulanDrema,Nakula,1.0
Garuda,Dhandhang,1.0
Antareja,Godhayitma,1.0
Arimbi,Wenang,2.0
Panyarikan,Arimbi,1.0
TunggulWulung,Nagagini,1.0
Wenang,Abimanyu,1.0
Bomanarakasura,Narada,1.0
Indra,Resi,1.0
Dhandhonwacana,Asmarawati,1.0
Sangkara,Baladewa,1.0
Sri,Kresna,3.0
GagakBaka,Duryudana,1.0
Pulunggana,Kresna,1.0
Abiyasa,Basudewa,1.0
Arjuna,Lion,1.0
YudaKalaKresna,Petruk,1.0
Angganjali,Gatotkaca,2.0
Arimbi,Baladewa,3.0
SuksmaLanggeng,Duryudana,2.0
Guru,Padmanaba,1.0
Wisanggeni,Puntadewa,4.0
Kunti,Arjuna,6.0
Durna,Surabramadiraja,1.0
Petruk,Nakula,13.0
Wisanggeni,Nakula,4.0
Sambuh,Nakula,1.0
Dhadhungawuk,Abimanyu,1.0
Petruk,Rama,1.0
Semar,Sekipu,1.0
Garuda,Ranu,1.0
Duryudana,Togog,2.0
Barata,LesmanaMurdaka,3.0
Pragota,Kartapiyoga,1.0
LesmanaMandrakumara,Banowati,3.0
Kunti,Gendara,1.0
Puntadewa,Kumbakarna,1.0
Gareng,Prasara,2.0
Ramayadi,Yudhistira,1.0
Rukmara,Kresna,2.0
Kumbakarna,Arjuna,1.0
Bisawarna,Durna,1.0
Mahadewa,Baladewa,1.0
Citrasena,Kresna,2.0
YudaKalaKresna,Arjuna,1.0
Karna,Wibisana,1.0
Wisnu,Ramayadi,1.0
Pracona,Nakula,1.0
Ugrasena,Kuntiboja,2.0
Narada,Sadana,2.0
Guru,Yudhistira,1.0
WulanDremi,Kartamarma,1.0
Sugriwa,Werkudara,1.0
WulanDremi,Indra,2.0
Jembawati,Puntadewa,1.0
Kamajaya,Bagus,2.0
Gatotkaca,Pracona,2.0
Semar,WulanDrema,2.0
Narada,Nagagini,1.0
Banowati,Sengkuni,12.0
Petruk,Kresna,19.0
Semar,WulanDremi,2.0
Antakawulan,Duryudana,1.0
Sadewa,Garuda,2.0
Pujawati,Kuntiboja,1.0
Kartamarma,Citrasena,2.0
Gareng,JayaBajra,1.0
Durna,Pradapa,1.0
Kunti,Kartamarma,2.0
Mandrakeswara,Madrim,2.0
Pujawati,Pandu,1.0
YudaKalaKresna,Puntadewa,1.0
Panyarikan,Semar,2.0
Puntadewa,Gendari,1.0
Gorawangsa,Basudewa,2.0
Bomanarakasura,Banowati,1.0
Yamawidura,Gendara,1.0
Gatotkaca,Bantala,1.0
Pragota,Maerah,1.0
Bisawarna,Baladewa,1.0
Kumbakarna,Gatotkaca,1.0
Indra,Brahma,4.0
Antaboga,Nakula,2.0
KudaKalaKresna,Narada,3.0
Basudewa,JayaBajra,1.0
Bilung,Petruk,3.0
KencanaWulan,Werkudara,1.0
Narada,Puntadewa,8.0
Semar,Arimbi,3.0
SitiSendari,Bagong,1.0
Bayu,Asmarawati,1.0
Salya,Indra,1.0
Barata,Abimanyu,1.0
LesmanaMandrakumara,Durna,7.0
Karna,Anoman,9.0
SuratiMantra,Semar,1.0
Banowati,LesmanaMurdaka,1.0
Sri,Togog,3.0
Narada,Rudra,2.0
Nakula,Lion,1.0
Semar,Madrim,3.0
Duryudana,Bantala,1.0
Bilung,Brajamusthi,2.0
Bagong,Wisnu,3.0
Bhisma,Asmarawati,1.0
Erawati,Salya,1.0
Abiyasa,Antareja,1.0
Duryudana,Gendari,1.0
Gendari,NgembatLandeyan,1.0
Banowati,Godhayitma,1.0
Pulunggana,Prasara,1.0
RaraIreng,Pandu,2.0
Maruta,Sengkuni,1.0
Dewasrani,Rukmini,1.0
Bisawarna,Narada,1.0
Indra,Puntadewa,6.0
Kunti,Madrim,3.0
Kurandhayaksa,Guru,1.0
Surtikanthi,Narada,1.0
Kalika,Pradapa,1.0
Bratajaya,Badrahini,1.0
Rudra,Kresna,1.0
Maerah,Basudewa,5.0
Dewasrani,Gatotkaca,2.0
Pulungsari,Nakula,1.0
Rukmini,Bismaka,1.0
Guru,Basudewa,1.0
Karna,Destarastra,1.0
WulanDremi,Duryudana,1.0
Pradapa,Tambrapeta,3.0
Werkudara,Nagagini,2.0
Bomanarakasura,Bagong,1.0
Sadewa,Bhisma,1.0
Werkudara,Rudra,1.0
Semar,Druwasa,1.0
Durga,Ramayadi,1.0
Brajadhenta,Gareng,1.0
KencanaWulan,Kresna,2.0
Togog,Kresna,2.0
Arimbi,Drestarastra,1.0
Kunti,Wisanggeni,1.0
Sadewa,Padmanaba,1.0
Raksasa,Arjuna,2.0
Sengkuni,Salya,1.0
Werkudara,Kartamarma,11.0
Dhandhonwacana,Puntadewa,1.0
Puntadewa,RaraIreng,2.0
Hagni,Kartamarma,1.0
Bilung,Godhayitma,1.0
Dewaki,Guru,1.0
Suparta,Arjuna,1.0
Jembawati,Antaboga,1.0
Werkudara,Petruk,20.0
Kanastren,Arjuna,5.0
Dewasrani,Gareng,2.0
Bagong,Bendana,3.0
Druwasa,Gendari,1.0
Semar,Dhamdharat,1.0
Pulunggana,Duryudana,1.0
Parasara,SuksmaLanggeng,1.0
Guru,Iswara,1.0
Gatotkaca,Yamadipati,2.0
Sadewa,Sri,2.0
Sengkuni,Abimanyu,10.0
Soka,Kartamarma,1.0
Barata,Semar,2.0
Arjuna,Bantala,2.0
Karna,Kumbakarna,1.0
Samba,LesmanaMandrakumara,2.0
Gareng,Panyarikan,2.0
Mangsahpati,Puntadewa,2.0
Nakula,Ratmuka,1.0
Dewaki,RaraIreng,2.0
Gareng,Banowati,6.0
Kurandhayaksa,Salya,1.0
Semar,Pulunggana,2.0
Sadewa,Kanastren,2.0
Ugrasena,Madrim,1.0
YudaKalaKresna,Werkudara,1.0
Abiyasa,Bhisma,1.0
Guru,Angganjali,2.0
Kurandhayaksa,Petruk,1.0
Kanastren,Abimanyu,6.0
Karna,Hagni,1.0
Barata,Arjuna,3.0
Sadewa,Arimbi,4.0
Gareng,Sambuh,1.0
Mahadewa,Panyarikan,1.0
Druwasa,Kuntiboja,2.0
Nakula,Kresna,29.0
Angganjali,Brahma,1.0
Dewaki,Rohini,2.0
Surya,Angganjali,1.0
Setyaki,Indra,2.0
Kresna,Duryudana,17.0
Mahadewa,Semar,1.0
Setyaboma,Abimanyu,1.0
Pujawati,Madrim,1.0
WulanDremi,WulanDrema,3.0
Durga,Sekipu,1.0
Bismaka,Kuntiboja,2.0
Banowati,Ramaparasu,1.0
LesmanaMandrakumara,Anoman,3.0
Samba,Godhayitma,1.0
Nakula,Surabramadiraja,1.0
Sadewa,Sengkuni,13.0
Gendari,Wilawuk,1.0
Sengkuni,GagakBaka,1.0
Semar,Yamadipati,1.0
Bendana,Narada,3.0
Durna,Tambrapeta,1.0
Karna,Sekipu,1.0
Duryudana,Drestarastra,1.0
Salya,Gendara,1.0
Samba,Durga,1.0
Sadewa,Gendari,1.0
Rukmini,Dersanala,1.0
Iswara,Brahma,2.0
GagakBaka,Antareja,1.0
Wisanggeni,Baladewa,1.0
Pujawati,Abiyasa,1.0
Barata,Sengkuni,1.0
Bayu,Sadewa,2.0
KudaKalaKresna,Abiyasa,1.0
Kartamarma,Dhandhang,1.0
Maerah,Gorawangsa,3.0
Nakula,Indra,7.0
Karna,Surya,2.0
Gareng,Barata,1.0
Angganjali,Narada,2.0
Bomanarakasura,Werkudara,3.0
Gatotkaca,Mangsahpati,2.0
Panyarikan,Brahma,1.0
Karna,Durga,3.0
Antakawulan,Kanastren,1.0
Semar,Dhandhang,2.0
Werkudara,GagakBaka,2.0
Petruk,Drestarastra,1.0
Petruk,Wilawuk,2.0
Wisanggeni,Setyaboma,2.0
Rukmini,Duryudana,2.0
Bisawarna,Bagong,1.0
Sengkuni,Werkudara,21.0
Pancawala,Puntadewa,1.0
Dewasrani,Guru,3.0
WulanDrema,Narada,2.0
Antaboga,Wisnu,1.0
SuratiMantra,Kresna,1.0
Sangkara,Iswara,2.0
Antakawulan,Anoman,2.0
Nakula,Togog,1.0
Soka,Sengkuni,1.0
Sengkuni,Dhandhonwacana,1.0
Prasara,Kresna,1.0
Udawa,KudaKalaKresna,1.0
Guru,Banowati,4.0
Petruk,Rohini,1.0
Mahadewa,Angganjali,1.0
Gatotkaca,Satrugna,1.0
Druwasa,Pandu,1.0
Bantala,Kresna,1.0
Werkudara,Ranu,1.0
Ugrasena,Rohini,1.0
Ramaparasu,Nakula,1.0
Sugriwa,Semar,1.0
Guru,Nagatatmala,1.0
Semar,Rukmara,1.0
Gareng,Angganjali,1.0
Bisawarna,Wibisana,2.0
Duryudana,Nakula,12.0
Raksasa,Durna,1.0
Sengkuni,Pandu,2.0
Gareng,Wenang,3.0
Panyarikan,Kresna,2.0
Abiyasa,Salya,1.0
Pujawati,Petruk,2.0
Antareja,Werkudara,9.0
Panyarikan,Gatotkaca,1.0
Sengkuni,Kartamarma,20.0
Dhandhonwacana,Arimbi,1.0
Bisawarna,Abimanyu,1.0
Bayu,Wilawuk,2.0
Bratajaya,Maerah,1.0
TunggulWulung,Antareja,1.0
Gareng,Nagatatmala,1.0
Destarastra,NgembatLandeyan,1.0
Petruk,Puntadewa,14.0
Citrarata,Kresna,2.0
Ramayadi,Brahma,1.0
Panyarikan,Bismaka,1.0
Angganjali,Bagong,1.0
Gatotkaca,Surabramadiraja,2.0
Parasara,Arjuna,2.0
Sangkara,Werkudara,1.0
Gatotkaca,GagakBaka,1.0
Semar,Arjuna,31.0
Dewasrani,Indra,2.0
Bilung,Bagong,1.0
Bomanarakasura,Wisanggeni,1.0
Semar,Wenang,3.0
Kunti,Petruk,3.0
Surya,Baladewa,1.0
Bratajaya,Guru,1.0
Karna,Kartamarma,16.0
Gareng,Durna,11.0
Yudhistira,Rudra,1.0
Maruta,Duryudana,1.0
KencanaWulan,Petruk,1.0
Dewasrani,Karna,1.0
Bagong,Bratajaya,1.0
YudaKothi,Nagaprasanta,2.0
Drupadi,Puntadewa,2.0
Puntadewa,Dhandhang,2.0
Guru,Karna,4.0
Sengkuni,Antasena,1.0
Wenang,Nakula,3.0
Arjuna,Setyaboma,1.0
Kartapiyoga,Maerah,1.0
YudaKothi,Narada,1.0
Bisawarna,Ranu,2.0
Ugrasena,Druwasa,1.0
Samba,Nagagini,1.0
Kalika,Citrasena,1.0
Bagong,Badrahini,2.0
Anoman,Kresna,23.0
Wisanggeni,Pulungsari,1.0
Gareng,Wilawuk,2.0
FakeWerkudara,Nagatatmala,1.0
Sengkuni,Bhisma,2.0
Surtikanthi,Ugrasena,1.0
Kalika,Semar,2.0
Dhamdharat,Ratmuka,2.0
Gendari,Basudewa,1.0
Arjuna,Sri,3.0
Sengkuni,Drupadi,1.0
Semar,Yamawidura,1.0
Durga,Pradapa,1.0
Udawa,WulanDremi,1.0
Nagagini,Anoman,1.0
Suparta,Bhisma,1.0
Nagatatmala,Kresna,2.0
Udawa,WulanDrema,1.0
Arjuna,Petruk,20.0
Baladewa,Abimanyu,8.0
Petruk,Salya,5.0
Pulungsari,Narada,2.0
Guru,Godhayitma,1.0
Mandrakeswara,Destarastra,1.0
Brajadhenta,Werkudara,1.0
Puntadewa,Ratmuka,1.0
Werkudara,Brahma,2.0
Werkudara,Yudhistira,4.0
Durga,Nakula,4.0
Pancawala,Guru,1.0
Sadewa,Wenang,3.0
KudaKalaKresna,Petruk,1.0
Durna,Petruk,13.0
Dhandhang,Kresna,4.0
Mahadewa,Indra,1.0
Antaboga,Drupadi,1.0
Kartamarma,Togog,1.0
Sengkuni,Gendari,3.0
Arjuna,Wilawuk,4.0
Bagong,Satrugna,1.0
Pulungsari,Indra,2.0
TunggulWulung,FakeWerkudara,2.0
Gatotkaca,Pulungsari,2.0
Bagong,Asmarawati,2.0
Antakawulan,Gatotkaca,2.0
Sadewa,Durga,5.0
Guru,Soka,2.0
Angganjali,Bendana,2.0
Bagong,Anoman,10.0
Antakawulan,Banowati,1.0
Sengkuni,Rama,1.0
YudaKalaKresna,Udawa,1.0
Kanastren,Rama,2.0
Werkudara,Ratmuka,1.0
Rama,Abimanyu,1.0
Druwasa,Yamawidura,1.0
Mangsahpati,Ratmuka,1.0
Arjuna,Sekipu,2.0
Bisawarna,Maruta,2.0
Saragupita,Kartapiyoga,1.0
Kamajaya,Dersanala,2.0
Bomanarakasura,Gatotkaca,6.0
Surya,Bagong,1.0
Dewaki,Kangsa,1.0
Sadewa,Dhandhonwacana,1.0
Ramayadi,Indra,1.0
Werkudara,Indra,8.0
Panyarikan,KudaKalaKresna,2.0
Karna,Bilung,2.0
Mahadewa,Bagong,1.0
Madrim,Gendari,2.0
RaraIreng,Gorawangsa,1.0
Sengkuni,Madrim,1.0
Sengkuni,Parasara,1.0
TunggulWulung,Werkudara,2.0
Guru,Bendana,3.0
Bomanarakasura,Sadana,1.0
Kamajaya,Kresna,2.0
Iswara,Bagong,1.0
Arimbi,Antareja,1.0
Setyaboma,Anoman,1.0
SuratiMantra,Kangsa,2.0
Samba,Bisawarna,1.0
Udawa,Setyaki,2.0
Karna,Udawa,1.0
YudaKothi,Guru,1.0
Puntadewa,KudaKalaKresna,1.0
Hagni,Narada,1.0
Sangkara,Semar,1.0
Samba,Nagatatmala,2.0
Surya,Gatotkaca,1.0
Bagong,Padmanaba,1.0
Sekipu,Ramayadi,1.0
Nagatatmala,Antareja,5.0
Baladewa,Salya,2.0
LesmanaMandrakumara,Togog,1.0
Durna,Kanastren,2.0
Gorawangsa,Baladewa,1.0
Banowati,Barata,1.0
Angganjali,Wisnu,1.0
Werkudara,Abimanyu,21.0
Durna,Rama,1.0
Duryudana,Citrasena,2.0
Mahadewa,Gatotkaca,1.0
Karna,Bagaspati,1.0
Bratajaya,Saragupita,1.0
Sugriwa,Kartamarma,1.0
Abiyasa,Nagagini,1.0
Kanastren,Sadana,2.0
Kresna,Abimanyu,18.0
Setyaki,Dersanala,1.0
Bagaspati,Gendara,1.0
Durna,Bismaka,2.0
Durna,KencanaWulan,1.0
Bagaspati,Gendari,1.0
Arjuna,GagakBaka,1.0
Durna,Kresna,19.0
Maruta,RaraIreng,1.0
Gareng,Baladewa,10.0
Maheswara,Sekipu,1.0
Basudewa,Kangsa,2.0
Werkudara,Antasena,3.0
Sadana,Togog,2.0
Petruk,Abimanyu,17.0
Basudewa,NgembatLandeyan,1.0
Surya,Durga,1.0
Indra,Abimanyu,3.0
Arjuna,Wisanggeni,4.0
Guru,Indra,15.0
Garuda,Duryudana,3.0
Garuda,Hagni,1.0
Samba,Jembawati,2.0
Durna,Arjuna,19.0
Puntadewa,Kunti,6.0
Durga,Citrasena,1.0
Bagong,Pandu,4.0
Banowati,Pulunggana,1.0
Dewasrani,Setyaki,1.0
Arjuna,Nagaprasanta,2.0
Sadewa,Pulungsari,1.0
Dhandhang,Ratmuka,2.0
Guru,Bagus,2.0
Sangkara,Brahma,2.0
RaraIreng,Kartamarma,2.0
Pracona,Indra,2.0
Mahadewa,Iswara,2.0
Kuntiboja,Yamawidura,1.0
Bayu,Dhandhonwacana,1.0
KencanaWulan,Puntadewa,1.0
Wisnu,Kartamarma,1.0
Puntadewa,Duryudana,16.0
Sri,Puntadewa,3.0
Pracona,Narada,3.0
Gareng,Wisanggeni,3.0
Banowati,Gatotkaca,7.0
Destarastra,Yamawidura,2.0
Abimanyu,Durga,3.0
Puntadewa,Padmanaba,1.0
YudaKalaKresna,Padmanaba,1.0
TunggulWulung,Puntadewa,1.0
Soka,Duryudana,1.0
Sambuh,Brahma,2.0
Durga,Antareja,1.0
Kumbakarna,Anoman,1.0
Narada,Yudhistira,2.0
Gareng,Mandrakeswara,2.0
Sadewa,Sengkalawati,1.0
Pandu,Kresna,2.0
Nakula,Bantala,1.0
Bagong,NgembatLandeyan,1.0
KencanaWulan,Dhandhang,3.0
Bendana,Lion,1.0
YudaKothi,Badrahini,1.0
Bagong,Sengkuni,12.0
Raksasa,Anoman,1.0
Gatotkaca,RaraIreng,2.0
Karna,Ugrasena,1.0
Semar,Durga,7.0
Werkudara,Ramayadi,1.0
Mahadewa,Nakula,1.0
Wisanggeni,Tambrapeta,1.0
Sri,Godhayitma,1.0
KencanaWulan,RaraIreng,1.0
Bismaka,JayaBajra,1.0
Guru,WulanDremi,2.0
Badrahini,Rohini,2.0
KencanaWulan,Nakula,1.0
Garuda,Bantala,1.0
Nakula,Anoman,8.0
Gareng,Erawati,1.0
Guru,WulanDrema,2.0
Angganjali,Pracona,2.0
Nakula,Setyaki,3.0
Bismaka,Mandrakeswara,1.0
Semar,Kresna,24.0
Gatotkaca,Brahma,2.0
Banowati,WulanDrema,1.0
Rama,Kresna,3.0
Saragupita,Gorawangsa,1.0
LesmanaMandrakumara,Sri,1.0
Nakula,Citrasena,2.0
Guru,Udawa,4.0
Erawati,Petruk,1.0
Kuntiboja,NgembatLandeyan,1.0
Sadewa,Lion,1.0
DewaRuci,Sadewa,1.0
Sadewa,Tambrapeta,2.0
Gatotkaca,Durga,6.0
Bomanarakasura,Sri,1.0
Rukmini,Setyaboma,4.0
Hagni,Arjuna,2.0
Samba,Dhadhungawuk,1.0
Pujawati,Gendari,1.0
Durna,Bendana,2.0
Maruta,Kresna,1.0
Kartamarma,Bayu,1.0
Semar,Lion,2.0
Gareng,Sri,1.0
Arjuna,Basudewa,1.0
Mahadewa,Sadewa,1.0
Narada,Bantala,1.0
Karna,Setyaki,2.0
Karna,Gendari,1.0
Semar,Surabramadiraja,1.0
Arjuna,Brahma,3.0
Kartamarma,NemburNawa,1.0
Karna,Gendara,1.0
Bagong,Kanastren,3.0
Semar,Kamajaya,1.0
Sengkuni,Satrugna,1.0
Dhandhonwacana,Bendana,1.0
Sadewa,Prasara,1.0
Gareng,Sadana,1.0
Yudhistira,Kresna,2.0
Guru,Nagaprasanta,1.0
Satrugna,Kartamarma,1.0
Gareng,Pulungsari,1.0
Pandu,Basudewa,5.0
Arjuna,KudaKalaKresna,1.0
Nakula,Resi,1.0
Garuda,Gatotkaca,1.0
SitiSendari,Arjuna,2.0
LesmanaMandrakumara,Kartamarma,4.0
Karna,Soka,1.0
Sengkuni,Togog,4.0
Wisanggeni,Bendana,3.0
Badrahini,Kangsa,1.0
Durga,Pracona,1.0
Maruta,Bantala,3.0
Nagaprasanta,Basudewa,1.0
Wisnu,Parasara,1.0
Mandrakeswara,Druwasa,1.0
Jembawati,Abimanyu,1.0
SuratiMantra,Ugrasena,1.0
Durna,Gendari,1.0
Gendari,Gendara,2.0
Samba,Rukmini,2.0
Sangkara,Bendana,1.0
Samba,Arjuna,6.0
Semar,Wisnu,3.0
Surya,Bendana,1.0
Pulunggana,Puntadewa,1.0
Baladewa,Godhayitma,2.0
Duryudana,Ratmuka,1.0
Parasara,Banowati,2.0
Prasara,Puntadewa,1.0
LesmanaMandrakumara,Werkudara,3.0
Samba,Puntadewa,5.0
KencanaWulan,Ratmuka,2.0
Sadewa,Rama,1.0
RaraIreng,Ugrasena,1.0
Gorawangsa,Indra,1.0
Sengkuni,Prasara,1.0
Parasara,Werkudara,1.0
Werkudara,Maheswara,1.0
Setyaki,Kamajaya,1.0
Bagong,Indra,7.0
Kumbakarna,Werkudara,2.0
Brajadhenta,Kartamarma,2.0
Samba,Abiyasa,1.0
Baladewa,Sadana,2.0
Sri,Petruk,3.0
Sadewa,Nakula,33.0
Barata,Baladewa,2.0
YudaKalaKresna,Duryudana,1.0
Gareng,Badrahini,2.0
Petruk,Dhandhang,2.0
Nakula,Satrugna,1.0
Antakawulan,Abimanyu,1.0
Guru,Kamajaya,3.0
Werkudara,Drestarastra,3.0
Raksasa,Banowati,2.0
Wibisana,Hagni,3.0
Raksasa,Kresna,1.0
Abiyasa,Yamawidura,2.0
Gorawangsa,Badrahini,1.0
Arjuna,Bendana,4.0
Werkudara,Nakula,33.0
Wenang,Surabramadiraja,2.0
Wisnu,Brahma,2.0
Banowati,Ranu,1.0
Sekipu,Narada,4.0
Dewasrani,Nakula,2.0
Banowati,Sri,1.0
Pancawala,Pradapa,1.0
Bratajaya,Kartapiyoga,1.0
Salya,Narada,2.0
Dewaki,Baladewa,3.0
Bismaka,Yamawidura,1.0
Sengkuni,SitiSendari,1.0
Kurandhayaksa,Baladewa,2.0
Wenang,Satrugna,1.0
Maerah,Nagaprasanta,1.0
Rukmini,Anoman,2.0
Gareng,Kanastren,3.0
Gatotkaca,Brajadhenta,4.0
Salya,Destarastra,1.0
KencanaWulan,Duryudana,1.0
SuksmaLanggeng,Werkudara,2.0
FakeWerkudara,Duryudana,1.0
Bilung,Durga,2.0
Sadewa,Drestarastra,1.0
Ramaparasu,Duryudana,1.0
RaraIreng,Ranu,1.0
Pancawala,Durna,1.0
Sengkuni,Kalika,1.0
Brajadhenta,Durga,2.0
Banowati,Sadana,1.0
Sadewa,Petruk,13.0
Sengkuni,Druwasa,1.0
Rukmini,Setyaki,2.0
Sangkara,Kresna,1.0
Semar,Rohini,1.0
Yamawidura,Gendari,1.0
Pulungsari,Puntadewa,1.0
Pancawala,Banowati,1.0
Mahadewa,Narada,2.0
Guru,Sadewa,10.0
Dewaki,Gorawangsa,1.0
Drupadi,Abimanyu,1.0
Duryudana,Werkudara,22.0
Gareng,Basudewa,3.0
Gorawangsa,Rohini,1.0
Gareng,Suparta,1.0
Bratajaya,Narada,1.0
Arjuna,Yudhistira,4.0
Pancawala,Kresna,1.0
Antakawulan,Karna,1.0
Kunti,Pandu,3.0
Soka,Werkudara,2.0
Karna,WulanDrema,1.0
Maerah,RaraIreng,1.0
Semar,Nagaprasanta,1.0
Kuntiboja,Basudewa,3.0
Karna,WulanDremi,1.0
Pragota,Indra,1.0
Panyarikan,Sekipu,2.0
Sambuh,Narada,2.0
Setyaboma,Nakula,1.0
Banowati,Kunti,2.0
Petruk,Resi,2.0
Surya,Iswara,1.0
Iswara,Sambuh,2.0
LesmanaMurdaka,Kresna,3.0
KudaKalaKresna,Indra,2.0
Surtikanthi,Saragupita,1.0
Gareng,Kamajaya,1.0
Gatotkaca,Pulunggana,2.0
Mangsahpati,Banowati,2.0
Werkudara,Pracona,1.0
Sambuh,Pracona,1.0
WulanDrema,Abimanyu,2.0
KencanaWulan,Asmarawati,2.0
Sengkuni,Arimbi,2.0
Jembawati,Arjuna,1.0
Dewaki,Basudewa,5.0
Pradapa,Duryudana,1.0
Arjuna,Pulungsari,1.0
Bagong,Werkudara,18.0
Saragupita,Badrahini,2.0
Suparta,Wilawuk,1.0
Badrahini,Indra,3.0
Puntadewa,Abiyasa,5.0
Karna,Semar,9.0
Baladewa,Rama,2.0
Maruta,Wibisana,3.0
Karna,Mahadewa,1.0
Sangkara,Ramayadi,1.0
Gatotkaca,Rama,2.0
Arjuna,Bagus,3.0
Sangkara,Surya,1.0
Ramaparasu,Kresna,2.0
Kurandhayaksa,Maerah,1.0
Arjuna,Indra,9.0
Sengkuni,NemburNawa,1.0
Werkudara,Lion,1.0
Guru,Salya,1.0
Puntadewa,Hagni,1.0
Puntadewa,Pradapa,1.0
Durga,Dersanala,3.0
Mangsahpati,Brajamusthi,1.0
Karna,Barata,1.0
Wibisana,Narada,1.0
Bismaka,Petruk,4.0
RaraIreng,Rohini,2.0
Baladewa,Ramayadi,2.0
Mangsahpati,Togog,1.0
Durga,Pulunggana,3.0
NemburNawa,Bayu,1.0
Dhamdharat,Dhandhang,3.0
Antakawulan,Petruk,2.0
WulanDremi,Abimanyu,2.0
Indra,Anoman,3.0
Karna,Tambrapeta,1.0
Rukmini,Petruk,3.0
Antareja,Antasena,2.0
Kanastren,Werkudara,2.0
Guru,TunggulWulung,2.0
Antareja,Sri,4.0
Dewaki,Semar,2.0
Citrarata,Kalika,1.0
Sengkuni,Dhandhang,1.0
Karna,RaraIreng,2.0
Togog,Abimanyu,3.0
YudaKothi,Salya,1.0
WulanDrema,Kresna,2.0
LesmanaMandrakumara,Nakula,3.0
Antakawulan,Semar,1.0
Sadewa,Wisanggeni,4.0
Semar,Erawati,1.0
Surya,Indra,1.0
Werkudara,Setyaboma,2.0
Ramaparasu,Anoman,1.0
Bagaspati,Druwasa,1.0
Wisanggeni,Werkudara,6.0
Sekipu,Yudhistira,2.0
Kurandhayaksa,Gareng,1.0
Sengkuni,Wenang,4.0
Druwasa,Destarastra,1.0
Kunti,Bendana,2.0
Antaboga,Petruk,3.0
Wisnu,Narada,3.0
Bendana,Asmarawati,1.0
Kuntiboja,Destarastra,1.0
Sugriwa,Satrugna,1.0
Samba,Guru,4.0
Nakula,Prasara,1.0
Petruk,Ratmuka,1.0
Jembawati,Semar,2.0
Sengkuni,Bendana,2.0
Arimbi,Pracona,2.0
Angganjali,Nakula,1.0
Bendana,Pracona,2.0
Puntadewa,Bagus,1.0
Iswara,Narada,2.0
Kunti,Kresna,4.0
Barata,Wenang,1.0
Sengkalawati,Nakula,1.0
Iswara,Baladewa,1.0
Pracona,Kresna,1.0
Citrarata,Arjuna,2.0
Bendana,Drestarastra,1.0
Mahadewa,Durga,1.0
Nakula,NemburNawa,1.0
Durna,Sengkalawati,1.0
Baladewa,Maheswara,1.0
Setyaboma,Wenang,1.0
Nagaprasanta,Indra,1.0
Guru,Nagagini,1.0
Saragupita,Pandu,1.0
Pancawala,Duryudana,1.0
Dhandhonwacana,Duryudana,1.0
Iswara,Ramayadi,1.0
Pulunggana,Narada,2.0
Kumbakarna,Hagni,2.0
Drupadi,Petruk,1.0
Yamawidura,Basudewa,1.0
Werkudara,Surabramadiraja,3.0
Sri,Narada,2.0
Sengkuni,Ratmuka,1.0
Gareng,Antaboga,2.0
Setyaboma,Dersanala,1.0
Bagong,Basudewa,3.0
Setyaki,Kresna,11.0
Werkudara,Dersanala,2.0
Guru,LesmanaMandrakumara,1.0
GagakBaka,Antasena,1.0
Abiyasa,Yudhistira,2.0
Jembawati,Dersanala,1.0
Bagus,Petruk,2.0
Mangsahpati,Nakula,2.0
Semar,Pandu,4.0
Banowati,Kalika,1.0
Samba,Banowati,3.0
Kartamarma,Abimanyu,5.0
Sengkuni,Dhamdharat,2.0
Bagong,Surtikanthi,1.0
Wisnu,Durna,1.0
Maerah,Rohini,1.0
Baladewa,Wenang,2.0
Gatotkaca,Nagatatmala,1.0
Wisanggeni,Pulunggana,1.0
Pandu,Rohini,2.0
Sangkara,Mahadewa,2.0
Sugriwa,LesmanaMurdaka,2.0
Bagong,Yudhistira,2.0
Baladewa,Bagong,10.0
Resi,Brahma,1.0
RaraIreng,Indra,1.0
Samba,Wenang,1.0
Wenang,SuksmaLanggeng,2.0
Petruk,LesmanaMurdaka,1.0
Pujawati,Basudewa,1.0
Asmarawati,Dhandhang,2.0
Puntadewa,Setyaki,3.0
Suparta,Asmarawati,1.0
Kurandhayaksa,Bismaka,1.0
Sengkuni,Brajamusthi,2.0
Bagong,Brajamusthi,1.0
Kurandhayaksa,Erawati,2.0
Kalika,Kartamarma,1.0
Sadewa,Citrasena,2.0
Rukmini,KudaKalaKresna,1.0
Surtikanthi,Erawati,2.0
Arimbi,Ramayadi,2.0
Pancawala,Karna,1.0
Erawati,Narada,1.0
Dewaki,Nagaprasanta,1.0
Kalika,Duryudana,1.0
Sadana,Abimanyu,5.0
Bagong,Bhisma,1.0
Bratajaya,Petruk,1.0
YudaKalaKresna,Narada,2.0
Baladewa,JayaBajra,1.0
Antakawulan,Barata,3.0
Banowati,SuksmaLanggeng,1.0
Antaboga,Wisanggeni,3.0
Prasara,Lion,2.0
Pujawati,NgembatLandeyan,1.0
Werkudara,Asmarawati,2.0
Bagong,Druwasa,1.0
Gareng,Sugriwa,1.0
Gareng,Ratmuka,1.0
Sengkuni,Kuntiboja,1.0
Angganjali,Iswara,1.0
Sadana,Puntadewa,3.0
Bagong,Narada,8.0
KencanaWulan,Garuda,1.0
Werkudara,Yamadipati,1.0
Setyaboma,Godhayitma,1.0
LesmanaMandrakumara,Antareja,1.0
Sengkuni,RaraIreng,2.0
Karna,Arjuna,14.0
Dhadhungawuk,Werkudara,1.0
Werkudara,Padmanaba,1.0
Dhadhungawuk,Arjuna,2.0
Bomanarakasura,Bilung,1.0
Bisawarna,Karna,1.0
Arjuna,Pracona,1.0
Petruk,NgembatLandeyan,1.0
Antakawulan,Sengkuni,1.0
Nagatatmala,Abimanyu,1.0
Madrim,NgembatLandeyan,1.0
Arjuna,Tambrapeta,2.0
Arjuna,Abiyasa,6.0
Bagong,Bagaspati,2.0
Raksasa,Kartamarma,1.0
Druwasa,NgembatLandeyan,1.0
Pancawala,Sadewa,1.0
Maruta,Banowati,1.0
Puntadewa,Kartamarma,9.0
Petruk,Wisnu,2.0
Kamajaya,Wenang,2.0
Dhadhungawuk,Anoman,2.0
Sadewa,Suparta,1.0
Sengkuni,Yamawidura,1.0
Sengkuni,Ramaparasu,1.0
Arimbi,Antasena,2.0
Pulunggana,Indra,2.0
LesmanaMurdaka,Wenang,2.0
Drupadi,Narada,1.0
Bagus,Brahma,1.0
Samba,FakeWerkudara,1.0
Pancawala,Citrasena,1.0
Gareng,Resi,2.0
RaraIreng,Kangsa,1.0
Panyarikan,Sambuh,1.0
Surya,Maheswara,1.0
Narada,Setyaki,3.0
Semar,NgembatLandeyan,1.0
Dhandhonwacana,Semar,1.0
Gareng,Brajamusthi,1.0
Kunti,Wilawuk,2.0
Gorawangsa,Petruk,1.0
Nagatatmala,Baladewa,2.0
Durga,Kalika,2.0
Arimbi,Brahma,1.0
Saragupita,Guru,1.0
Maruta,Gatotkaca,1.0
Banowati,Puntadewa,10.0
Bagong,Setyaki,4.0
Saragupita,Baladewa,2.0
Wenang,Anoman,4.0
Werkudara,Bagus,2.0
Bayu,Semar,1.0
Yamawidura,Pandu,2.0
FakeWerkudara,Kresna,3.0
Bagong,Maerah,2.0
Yamadipati,Sadana,1.0
Bagong,Gatotkaca,18.0
Sadewa,Duryudana,12.0
Nakula,Sadana,2.0
Prasara,Indra,1.0
Kanastren,Yamadipati,2.0
Wibisana,Duryudana,1.0
Erawati,Badrahini,1.0
Banowati,Citrasena,1.0
Bagong,Saragupita,2.0
Ugrasena,Badrahini,2.0
Kartamarma,Mangsahpati,2.0
Duryudana,Sadana,1.0
Antareja,Antaboga,4.0
Karna,Bantala,1.0
LesmanaMandrakumara,Antaboga,1.0
Semar,Bhisma,1.0
Sugriwa,Puntadewa,1.0
Sengkuni,Yudhistira,1.0
Panyarikan,Narada,4.0
Bagong,Kuntiboja,1.0
Bismaka,Gendari,1.0
Arimbi,Asmarawati,1.0
Sadewa,LesmanaMurdaka,1.0
Durna,Nakula,15.0
Semar,Gendara,1.0
Kanastren,Duryudana,1.0
Arjuna,Godhayitma,1.0
Jembawati,Wenang,1.0
Semar,Gendari,2.0
Durga,Prasara,1.0
Sengkuni,Pulunggana,1.0
Pragota,Basudewa,1.0
Kartapiyoga,Narada,1.0
Bendana,Wisnu,1.0
Sadewa,Antareja,6.0
FakeWerkudara,Abimanyu,2.0
Wenang,Kartamarma,2.0
Hagni,Nakula,1.0
Karna,Citrarata,2.0
Brajadhenta,Petruk,1.0
Bagong,Sekipu,1.0
Citrarata,Citrasena,5.0
Dewasrani,Prasara,1.0
Sangkara,Indra,1.0
Gareng,NgembatLandeyan,1.0
Bagus,Resi,3.0
Kuntiboja,Gendari,1.0
Gareng,Petruk,35.0
Nakula,Drestarastra,1.0
Petruk,Dhadhungawuk,1.0
Wenang,Parasara,1.0
Bayu,Petruk,1.0
Kuntiboja,Gendara,1.0
WulanDremi,Kresna,2.0
Mahadewa,Ramayadi,1.0
SuratiMantra,JayaBajra,2.0
Puntadewa,Togog,1.0
Rudra,Brahma,2.0
Guru,Anoman,7.0
Bismaka,Rohini,1.0
Drupadi,Anoman,1.0
Mandrakeswara,Gendari,1.0
Sengkuni,Suparta,1.0
Dhamdharat,Nakula,3.0
Semar,Anoman,10.0
Karna,Baladewa,3.0
Karna,LesmanaMurdaka,1.0
Bendana,Pulunggana,1.0
Pujawati,Salya,2.0
Sadewa,Kamajaya,1.0
Iswara,Rudra,2.0
Ramayadi,Kresna,1.0
Bayu,Suparta,1.0
Bilung,Semar,2.0
Bilung,Anoman,1.0
Nakula,Ramayadi,1.0
Abiyasa,Drestarastra,1.0
Kamajaya,Wisanggeni,2.0
Wenang,Resi,2.0
KudaKalaKresna,Nakula,1.0
Sugriwa,Kanastren,1.0
Kunti,Salya,3.0
Puntadewa,Surabramadiraja,2.0
Drupadi,Indra,1.0
Semar,Destarastra,1.0
Surya,Arjuna,2.0
Bagong,Rama,1.0
Arjuna,Rama,3.0
Rukmini,Jembawati,4.0
Bisawarna,RaraIreng,1.0
Bisawarna,Banowati,1.0
Baladewa,Nagagini,1.0
Banowati,Bantala,1.0
Bendana,Sekipu,1.0
Sadewa,Drupadi,1.0
Baladewa,Kresna,19.0
Wisanggeni,Gatotkaca,5.0
Antareja,Kanastren,2.0
Sri,Anoman,2.0
Pulungsari,Duryudana,1.0
Ugrasena,Kunti,1.0
Iswara,Arimbi,1.0
Puntadewa,Drestarastra,1.0
Panyarikan,Werkudara,2.0
Karna,Arimbi,1.0
Sengkuni,Citrasena,3.0
Gorawangsa,Kangsa,2.0
Bayu,Arjuna,2.0
Resi,Dersanala,2.0
Wenang,Kresna,7.0
Brajamusthi,Duryudana,1.0
Samba,Antareja,3.0
Arjuna,Yamadipati,2.0
Abiyasa,Petruk,8.0
Panyarikan,Wisnu,1.0
Guru,Semar,13.0
Kanastren,Baladewa,2.0
Gatotkaca,Abimanyu,31.0
Sengkuni,NgembatLandeyan,1.0
Maheswara,Kresna,1.0
Mangsahpati,Petruk,2.0
Dewaki,Salya,1.0
Ramaparasu,Gareng,2.0
Karna,DewaRuci,1.0
Dewaki,Bagong,2.0
Wisanggeni,Brahma,2.0
Setyaki,Werkudara,5.0
Karna,SuksmaLanggeng,1.0
Wisanggeni,Indra,3.0
Bilung,Antaboga,1.0
Sadewa,Maheswara,1.0
Pandu,Kangsa,2.0
Dewasrani,Kamajaya,2.0
Puntadewa,Nagagini,1.0
Semar,Bagaspati,2.0
Gareng,Kresna,16.0
Kalika,Kunti,3.0
Wibisana,Arjuna,2.0
Pandu,Badrahini,2.0
Karna,Kunti,4.0
Citrarata,Soka,2.0
Iswara,Maheswara,2.0
Karna,Sugriwa,1.0
Dhandhonwacana,Petruk,1.0
Ramaparasu,Werkudara,2.0
Bagong,GagakBaka,1.0
Werkudara,Wilawuk,3.0
Wisanggeni,Abimanyu,3.0
Durna,NemburNawa,1.0
Ugrasena,Pandu,2.0
Surtikanthi,Baladewa,2.0
Gatotkaca,Baladewa,14.0
Rukmara,Padmanaba,1.0
Narada,Padmanaba,1.0
Gareng,Arjuna,19.0
FakeWerkudara,Petruk,1.0
Surtikanthi,Semar,1.0
Erawati,Basudewa,1.0
Bomanarakasura,Rukmini,1.0
Antakawulan,Arjuna,5.0
Gareng,Jembawati,2.0
Udawa,Abimanyu,2.0
DewaRuci,Duryudana,1.0
Durna,Drupadi,1.0
Abiyasa,NgembatLandeyan,1.0
Wibisana,Anoman,1.0
Arjuna,Anoman,15.0
Kanastren,Anoman,2.0
Satrugna,Kresna,1.0
YudaKothi,Maerah,1.0
Angganjali,Sekipu,1.0
Maruta,Werkudara,1.0
Durna,Kalika,1.0
Pragota,Arjuna,1.0
Brajamusthi,Durga,2.0
Togog,Anoman,2.0
Mahadewa,Kresna,1.0
Karna,Nakula,9.0
Guru,Antareja,4.0
Kamajaya,Indra,2.0
Semar,Rama,2.0
Saragupita,RaraIreng,1.0
Erawati,Indra,1.0
Sangkara,Durga,1.0
Samba,Udawa,4.0
SuratiMantra,Baladewa,1.0
Asmarawati,Wilawuk,3.0
Barata,Werkudara,1.0
Petruk,Destarastra,1.0
RaraIreng,Anoman,1.0
Bomanarakasura,Arjuna,1.0
Gareng,Ramayadi,1.0
Sengkuni,Sugriwa,1.0
Narada,Anoman,9.0
Baladewa,Bendana,2.0
Durna,WulanDrema,1.0
Pujawati,Druwasa,1.0
Bagong,Pragota,1.0
Narada,Setyaboma,2.0
Kurandhayaksa,Dewaki,1.0
Dewasrani,Brahma,1.0
Sengkuni,Garuda,3.0
Sadewa,KencanaWulan,1.0
Sengkuni,Surabramadiraja,1.0
Kumbakarna,Nakula,1.0
Durga,Brahma,4.0
Kurandhayaksa,Semar,1.0
Abiyasa,Wilawuk,2.0
Wisnu,Maheswara,2.0
Puntadewa,Asmarawati,2.0
Gareng,Mangsahpati,2.0
Banowati,Pulungsari,1.0
LesmanaMandrakumara,Setyaki,2.0
Bagong,Abimanyu,15.0
Maheswara,Narada,2.0
Durna,Godhayitma,1.0
Gatotkaca,Prasara,2.0
Arimbi,Sekipu,1.0
Mangsahpati,Abimanyu,1.0
Hagni,RaraIreng,1.0
Maruta,Sadewa,1.0
Durna,Setyaki,3.0
Banowati,Bilung,2.0
Antareja,Wisanggeni,2.0
YudaKalaKresna,Indra,1.0
Yamadipati,Puntadewa,1.0
Kurandhayaksa,Indra,1.0
Puntadewa,Brahma,1.0
Durna,Wibisana,1.0
Gareng,Dersanala,1.0
Gareng,Pragota,1.0
RaraIreng,Badrahini,2.0
Destarastra,Gendara,1.0
Wibisana,Werkudara,1.0
Banowati,Nakula,9.0
Petruk,Baladewa,12.0
Semar,Satrugna,1.0
Arimbi,Narada,2.0
Gareng,Rudra,1.0
Duryudana,Satrugna,1.0
Sadewa,Resi,1.0
Sadewa,Pradapa,2.0
Kanastren,Kartamarma,1.0
Sadewa,Sambuh,1.0
LesmanaMandrakumara,Baladewa,1.0
YudaKalaKresna,Anoman,2.0
LesmanaMandrakumara,Sadana,1.0
Abiyasa,Bendana,2.0
Semar,Salya,5.0
Bomanarakasura,Togog,1.0
Antaboga,Togog,1.0
Antareja,Indra,2.0
Maruta,Kartamarma,1.0
Dhandhonwacana,Gendari,1.0
Pragota,Guru,1.0
Petruk,Badrahini,2.0
Sengkuni,Duryudana,27.0
Sadewa,Kresna,29.0
YudaKalaKresna,Nakula,1.0
Gatotkaca,Antasena,3.0
Bagong,Puntadewa,11.0
Abiyasa,Padmanaba,1.0
Gareng,Dhandhonwacana,1.0
Bismaka,Kresna,2.0
Semar,KudaKalaKresna,1.0
Pancawala,Arjuna,1.0
Sangkara,Wisnu,2.0
Wisnu,Duryudana,2.0
Sadewa,Indra,7.0
Durna,DewaRuci,1.0
Abiyasa,Abimanyu,4.0
Bagong,Kunti,3.0
Puntadewa,Setyaboma,1.0
Bismaka,Nakula,2.0
Baladewa,Kangsa,1.0
Setyaki,Godhayitma,1.0
FakeWerkudara,Gatotkaca,2.0
Mahadewa,Surya,1.0
Duryudana,Indra,4.0
Semar,Bismaka,4.0
Kumbakarna,RaraIreng,1.0
Gareng,Pracona,1.0
Hagni,Ranu,3.0
Banowati,Ratmuka,1.0
Sadewa,Ramaparasu,1.0
Karna,Brahma,1.0
Angganjali,Werkudara,1.0
Bayu,Kresna,1.0
Sugriwa,Baladewa,1.0
Kurandhayaksa,Narada,1.0
LesmanaMandrakumara,Gatotkaca,2.0
Nakula,Ranu,1.0
Bisawarna,Arjuna,2.0
Gendari,Pandu,3.0
Gareng,Satrugna,1.0
Rukmini,Abimanyu,1.0
Durna,Banowati,14.0
Bagong,Pracona,1.0
Panyarikan,Padmanaba,1.0
Saragupita,Erawati,1.0
Ugrasena,Nagaprasanta,1.0
Gatotkaca,Sekipu,2.0
Mandrakeswara,Gendara,1.0
Kartapiyoga,Nagaprasanta,1.0
Guru,Nakula,9.0
Bagong,Ramaparasu,2.0
Pragota,Nagaprasanta,1.0
YudaKalaKresna,Bismaka,1.0
Asmarawati,Duryudana,2.0
Barata,Anoman,2.0
Abiyasa,Kartamarma,2.0
Bilung,Puntadewa,1.0
Bagong,Madrim,3.0
Wisanggeni,Godhayitma,1.0
Antakawulan,Gareng,2.0
Rukmini,Puntadewa,4.0
Udawa,Gatotkaca,1.0
Karna,Bismaka,1.0
Bendana,Kresna,2.0
Sadewa,Sekipu,2.0
Arjuna,Maerah,1.0
Abiyasa,Durga,1.0
Bayu,Werkudara,4.0
Kartamarma,Ratmuka,1.0
Gareng,Mahadewa,1.0
Druwasa,Abiyasa,1.0
Bagong,Kresna,16.0
Samba,Baladewa,7.0
Gareng,Antareja,5.0
Maheswara,Ramayadi,1.0
Mahadewa,Sambuh,2.0
Semar,Dersanala,2.0
Sengkalawati,Semar,1.0
Arimbi,Rudra,1.0
Bomanarakasura,Wisnu,1.0
Bendana,Rudra,1.0
Duryudana,Dhandhang,1.0
Surtikanthi,Nagaprasanta,1.0
Puntadewa,Wilawuk,2.0
Dewaki,Saragupita,2.0
Pancawala,Nakula,1.0
Maruta,Karna,1.0
Puntadewa,Antasena,2.0
Karna,Yamawidura,1.0
Bagong,Jembawati,2.0
Bendana,Ramayadi,2.0
Puntadewa,Ramaparasu,1.0
Durna,Duryudana,29.0
Dewasrani,Setyaboma,1.0
Bagong,FakeWerkudara,1.0
YudaKothi,Bagong,1.0
Puntadewa,LesmanaMurdaka,2.0
Sengkalawati,Indra,1.0
Tambrapeta,Duryudana,1.0
Banowati,Dhamdharat,1.0
Puntadewa,Nagatatmala,1.0
Dhandhonwacana,Kunti,1.0
YudaKalaKresna,Kresna,2.0
Sadewa,Citrarata,2.0
Ugrasena,Kartapiyoga,1.0
YudaKalaKresna,Sadewa,1.0
Sengkuni,Mangsahpati,2.0
Garuda,Asmarawati,1.0
LesmanaMurdaka,Nakula,1.0
Karna,Antaboga,1.0
Suparta,Drestarastra,1.0
Sengkuni,Wisnu,2.0
Gareng,Nagagini,1.0
Durna,SuksmaLanggeng,1.0
Togog,Durga,2.0
Saragupita,Nagaprasanta,1.0
Arjuna,Gatotkaca,24.0
Karna,Puntadewa,8.0
Wisanggeni,Citrasena,2.0
Sengkuni,Gatotkaca,15.0
RaraIreng,Semar,3.0
Brajadhenta,Duryudana,2.0
Bagong,Wisanggeni,3.0
Dewaki,Erawati,1.0
Bagong,Wilawuk,2.0
Durna,GagakBaka,1.0
Wisanggeni,Resi,2.0
Durna,Dhandhang,1.0
SuratiMantra,Petruk,1.0
Kangsa,Rohini,1.0
Iswara,Werkudara,1.0
Kunti,Yudhistira,2.0
Gareng,Druwasa,1.0
Wibisana,Gatotkaca,1.0
Panyarikan,Pracona,2.0
Semar,Garuda,1.0
Semar,Maerah,2.0
Durna,Yamadipati,1.0
Citrarata,Kunti,1.0
Werkudara,Anoman,20.0
RaraIreng,Dhandhang,2.0
Bagong,Bayu,1.0
TunggulWulung,Nagatatmala,1.0
Surtikanthi,Pragota,1.0
Iswara,Gatotkaca,1.0
Hagni,Bantala,3.0
Maruta,Durna,1.0
YudaKothi,Indra,1.0
Brajamusthi,Semar,1.0
Surya,Narada,2.0
Wibisana,Kartamarma,1.0
Arjuna,Puntadewa,32.0
Panyarikan,Petruk,1.0
Baladewa,Narada,8.0
Maruta,Ranu,3.0
Yamadipati,Anoman,1.0
Gareng,Abimanyu,15.0
Durna,Garuda,2.0
RaraIreng,Basudewa,2.0
Bismaka,Kangsa,2.0
Sadewa,Werkudara,33.0
Rukmini,Kamajaya,1.0
Rukmini,Wisanggeni,2.0
Drupadi,Werkudara,1.0
Kanastren,Kresna,3.0
Jembawati,Wisnu,1.0
Panyarikan,Arjuna,2.0
Petruk,Asmarawati,2.0
Surtikanthi,Maerah,1.0
Bomanarakasura,Sadewa,1.0
Sadewa,Ranu,1.0
YudaKothi,Bratajaya,1.0
Kartapiyoga,Basudewa,1.0
Durna,Werkudara,27.0
Dewaki,Kresna,2.0
Ramaparasu,Abimanyu,3.0
Bismaka,Nagaprasanta,1.0
Bisawarna,Puntadewa,1.0
Guru,Pracona,3.0
Pracona,Brahma,1.0
Bhisma,Yudhistira,1.0
Bomanarakasura,Kresna,4.0
WulanDrema,Setyaki,1.0
Bismaka,Pujawati,1.0
LesmanaMandrakumara,Udawa,1.0
Abiyasa,Togog,1.0
Durga,Rudra,1.0
Antareja,Kartamarma,1.0
Antaboga,Baladewa,2.0
Destarastra,Basudewa,1.0
Durna,Rukmara,2.0
Guru,Brahma,5.0
Bagong,Drestarastra,1.0
Hagni,Anoman,1.0
Sadewa,Rudra,1.0
Gatotkaca,Dersanala,1.0
Durga,Iswara,1.0
Antareja,Gatotkaca,13.0
Drestarastra,Wilawuk,1.0
Sengkuni,Tambrapeta,1.0
Gatotkaca,Godhayitma,5.0
Sadewa,Sugriwa,1.0
Sadewa,Barata,1.0
Nakula,Kartamarma,8.0
Jembawati,Durga,1.0
Werkudara,Kresna,47.0
Kalika,Werkudara,2.0
Antareja,Narada,4.0
Arimbi,Gatotkaca,4.0
Bismaka,Basudewa,8.0
Banowati,Togog,2.0
Pujawati,Yamawidura,1.0
Durna,Asmarawati,2.0
Togog,Godhayitma,1.0
Karna,Satrugna,1.0
Mandrakeswara,Kunti,1.0
Nagagini,Antareja,3.0
Durga,Resi,2.0
Nakula,Abimanyu,11.0
Banowati,RaraIreng,2.0
Werkudara,RaraIreng,3.0
Baladewa,Rudra,1.0
Panyarikan,Indra,4.0
Semar,JayaBajra,1.0
Antaboga,Godhayitma,3.0
RaraIreng,Bismaka,1.0
Rukmini,Arjuna,4.0
Samba,Sadewa,4.0
Kunti,Indra,1.0
GagakBaka,Baladewa,1.0
Petruk,Kuntiboja,1.0
Puntadewa,Godhayitma,1.0
Bisawarna,Dhadhungawuk,1.0
Sadewa,Iswara,1.0
Anoman,Duryudana,12.0
Mandrakeswara,Salya,2.0
Gatotkaca,Lion,2.0
Panyarikan,Bendana,1.0
Antakawulan,Rama,2.0
Kanastren,Nakula,2.0
Rukmara,Indra,1.0
Narada,Lion,1.0
Baladewa,Surabramadiraja,1.0
Semar,Pradapa,2.0
Sengkuni,Gendara,2.0
Kanastren,Drupadi,1.0
Wenang,Wisanggeni,2.0
Antareja,Semar,10.0
Pulunggana,Lion,1.0
Guru,Jembawati,2.0
Maruta,Nakula,1.0
Madrim,Gendara,1.0
Garuda,Arjuna,2.0
Bendana,Duryudana,2.0
Kurandhayaksa,Nagaprasanta,1.0
Baladewa,Indra,4.0
Maerah,Indra,3.0
LesmanaMandrakumara,Sengkuni,8.0
Suparta,Werkudara,2.0
Kanastren,Puntadewa,4.0
Petruk,Surabramadiraja,1.0
Dewasrani,Petruk,2.0
Setyaki,Wenang,1.0
Mangsahpati,Durga,1.0
Garuda,Kartamarma,2.0
Kunti,Druwasa,2.0
Banowati,Duryudana,24.0
Pragota,Semar,1.0
Bratajaya,Erawati,1.0
Gareng,Pulunggana,1.0
GagakBaka,Kresna,1.0
Rama,Nakula,1.0
Sengkalawati,Werkudara,1.0
Ugrasena,Saragupita,5.0
Brajadhenta,Abiyasa,1.0
Durga,Puntadewa,3.0
Bagong,Setyaboma,2.0
Mandrakeswara,Yamawidura,1.0
Gareng,Bratajaya,1.0
Angganjali,Rudra,1.0
Brajadhenta,Banowati,2.0
Semar,Ratmuka,1.0
Wisanggeni,Prasara,1.0
Jembawati,Setyaboma,4.0
Panyarikan,Yudhistira,1.0
Bisawarna,Kresna,2.0
Sadewa,Pracona,1.0
Arjuna,Salya,2.0
Madrim,Pandu,3.0
Bagaspati,Basudewa,1.0
DewaRuci,Arjuna,1.0
Mahadewa,Wisnu,2.0
Gatotkaca,Ranu,1.0
Anoman,Godhayitma,3.0
Sengkuni,Kunti,4.0
Tambrapeta,Nakula,2.0
Maerah,Kresna,1.0
Bagong,Sadewa,11.0
Soka,Wisanggeni,1.0
TunggulWulung,Abimanyu,2.0
Dewaki,Indra,3.0
Druwasa,Madrim,1.0
Duryudana,Rama,1.0
Durna,Semar,13.0
Bilung,Nakula,1.0
Antaboga,Yamadipati,1.0
Samba,Wisanggeni,2.0
Barata,Nakula,1.0
Udawa,Nagatatmala,2.0
Wibisana,Puntadewa,1.0
Arimbi,Maheswara,1.0
Petruk,JayaBajra,1.0
Gareng,Duryudana,10.0
WulanDremi,Anoman,1.0
Semar,Wisanggeni,5.0
Kresna,Godhayitma,2.0
Bilung,Kartamarma,1.0
Citrarata,Sengkuni,3.0
Guru,FakeWerkudara,2.0
Semar,Drupadi,1.0
Sadewa,Brahma,2.0
LesmanaMandrakumara,WulanDremi,1.0
Duryudana,Kartamarma,20.0
Panyarikan,Rukmara,1.0
Sengkuni,Destarastra,1.0
Kunti,Basudewa,2.0
Gatotkaca,Sadana,4.0
Brajadhenta,Sengkuni,4.0
Surabramadiraja,Kresna,2.0
Dewasrani,Abimanyu,1.0
Dewaki,Gareng,2.0
Durna,Baladewa,5.0
Setyaboma,Bagus,1.0
Bagus,Wenang,2.0
Kunti,Suparta,1.0
Setyaki,Kartamarma,2.0
Durna,Dhamdharat,2.0
Udawa,Kresna,6.0
Yamadipati,Narada,1.0
Durna,Kartamarma,20.0
Garuda,Anoman,2.0
Narada,Brahma,5.0
WulanDrema,Duryudana,1.0
Gorawangsa,Ugrasena,1.0
Bendana,Brahma,1.0
Abiyasa,NemburNawa,1.0
Udawa,Sengkuni,1.0
Jembawati,Sadewa,1.0
Gatotkaca,Petruk,20.0
Duryudana,RaraIreng,2.0
Gareng,Setyaboma,2.0
Kalika,Arjuna,2.0
Durna,Prasara,1.0
Sengkuni,Asmarawati,2.0
Yudhistira,Brahma,1.0
Panyarikan,Rudra,1.0
Pandu,Gorawangsa,2.0
Antaboga,Anoman,4.0
Barata,Duryudana,1.0
Garuda,Kresna,2.0
Karna,Sadana,1.0
Sangkara,Sadewa,1.0
Bagong,Wenang,3.0
Gareng,GagakBaka,1.0
Sengkuni,Indra,4.0
Setyaki,Setyaboma,2.0
Duryudana,Padmanaba,1.0
Surtikanthi,Salya,1.0
KencanaWulan,Sengkuni,1.0
Duryudana,Surabramadiraja,1.0
Sengkuni,Semar,15.0
Surya,Rudra,1.0
Bendana,Indra,2.0
Petruk,Padmanaba,1.0
Satrugna,Abimanyu,1.0
Pujawati,Semar,2.0
Antakawulan,Sugriwa,2.0
Nagagini,Kresna,1.0
Mandrakeswara,NgembatLandeyan,1.0
Bagong,Sugriwa,1.0
Gareng,Bagus,2.0
Semar,Kartapiyoga,1.0
Puntadewa,Garuda,3.0
Drupadi,Gatotkaca,1.0
Sadewa,Abimanyu,11.0
Bagong,Togog,1.0
Rukmara,Werkudara,2.0
Maerah,Pandu,2.0
Sambuh,Kresna,1.0
Soka,Kresna,2.0
Arjuna,Ratmuka,3.0
Basudewa,Kresna,2.0
Bisawarna,Bantala,2.0
Bilung,Gareng,1.0
Gareng,Werkudara,18.0
Ugrasena,Sengkuni,1.0
Bilung,Werkudara,2.0
Surya,Arimbi,1.0
Tambrapeta,Kartamarma,1.0
Dewaki,Pragota,1.0
Petruk,Bendana,2.0
Pulunggana,Abimanyu,2.0
Kresna,Antasena,2.0
Sadewa,Abiyasa,4.0
Wibisana,Sengkuni,1.0
Narada,Kresna,17.0
Pulungsari,Lion,1.0
Samba,Brahma,1.0
Kresna,Dersanala,2.0
Iswara,Nakula,1.0
Semar,Indra,9.0
Sengkuni,Abiyasa,4.0
Bagong,Nagatatmala,1.0
Ramaparasu,Petruk,2.0
Bagong,Mandrakeswara,2.0
Narada,Abimanyu,6.0
Sadewa,Antaboga,2.0
LesmanaMurdaka,Rama,4.0
YudaKalaKresna,Bagong,1.0
Durga,Pulungsari,3.0
Kunti,NemburNawa,1.0
Bagong,Antasena,1.0
Raksasa,SuksmaLanggeng,1.0
Wenang,Narada,2.0
Gareng,Pandu,4.0
Bayu,Gendari,1.0
Indra,Kangsa,1.0
Saragupita,JayaBajra,1.0
Kresna,JayaBajra,1.0
Abiyasa,DewaRuci,1.0
Garuda,Ratmuka,1.0
Semar,Asmarawati,2.0
Durga,Baladewa,1.0
Guru,Yamadipati,1.0
Gareng,Nakula,11.0
Kalika,Wisanggeni,1.0
Pragota,Badrahini,1.0
Antaboga,Sri,2.0
Bagong,Lion,2.0
Bomanarakasura,Semar,2.0
Arjuna,Resi,3.0
Pandu,NgembatLandeyan,1.0
Durna,Bilung,2.0
Bagong,Resi,2.0
Arjuna,Werkudara,47.0
Hagni,Werkudara,1.0
Semar,Ramayadi,1.0
Narada,Indra,14.0
Dewasrani,Puntadewa,2.0
Semar,Padmanaba,1.0
Kartapiyoga,Petruk,1.0
Abimanyu,Duryudana,8.0
Brajadhenta,Abimanyu,1.0
Brajadhenta,Bilung,2.0
Dhandhonwacana,Drestarastra,1.0
Narada,Kartamarma,3.0
Semar,Kangsa,1.0
Kumbakarna,Kresna,2.0
KudaKalaKresna,Duryudana,1.0
Samba,TunggulWulung,1.0
Sengkuni,Lion,1.0
Gorawangsa,Bismaka,3.0
Semar,Rudra,1.0
Mandrakeswara,Semar,2.0
Petruk,Nagaprasanta,1.0
Udawa,Rukmara,1.0
Gareng,Lion,2.0
Kartamarma,Bantala,1.0
Lion,Abimanyu,2.0
NemburNawa,Duryudana,1.0
Dewasrani,Lion,1.0
